nm,VNIR_B1,VNIR_B2,VNIR_B3N,VNIR_B3B,SWIR_B4,SWIR_B5,SWIR_B6,SWIR_B7,SWIR_B8,SWIR_B9
480,0.0,0.0,0.0,0.0,0.0,0.0,0.0,0.0,0.0,0.0
484,0.0069,0.0,0.0,0.0,0.0,0.0,0.0,0.0,0.0,0.0
488,0.0078,0.0,0.0,0.0,0.0,0.0,0.0,0.0,0.0,0.0
492,0.0073,0.0,0.0,0.0,0.0,0.0,0.0,0.0,0.0,0.0
496,0.0107,0.0,0.0,0.0,0.0,0.0,0.0,0.0,0.0,0.0
500,0.058,0.0,0.0,0.0,0.0,0.0,0.0,0.0,0.0,0.0
504,0.125,0.0,0.0,0.0,0.0,0.0,0.0,0.0,0.0,0.0
508,0.2911,0.0,0.0,0.0,0.0,0.0,0.0,0.0,0.0,0.0
512,0.4567,0.0,0.0,0.0,0.0,0.0,0.0,0.0,0.0,0.0
516,0.6717,0.0,0.0,0.0,0.0,0.0,0.0,0.0,0.0,0.0
520,0.8392,0.0,0.0,0.0,0.0,0.0,0.0,0.0,0.0,0.0
524,0.9381,0.0,0.0,0.0,0.0,0.0,0.0,0.0,0.0,0.0
528,0.9906,0.0,0.0,0.0,0.0,0.0,0.0,0.0,0.0,0.0
532,1.0,0.0,0.0,0.0,0.0,0.0,0.0,0.0,0.0,0.0
536,0.9662,0.0,0.0,0.0,0.0,0.0,0.0,0.0,0.0,0.0
540,0.89,0.0,0.0,0.0,0.0,0.0,0.0,0.0,0.0,0.0
544,0.876,0.0,0.0,0.0,0.0,0.0,0.0,0.0,0.0,0.0
548,0.8959,0.0,0.0,0.0,0.0,0.0,0.0,0.0,0.0,0.0
552,0.9029,0.0,0.0,0.0,0.0,0.0,0.0,0.0,0.0,0.0
556,0.9263,0.0,0.0,0.0,0.0,0.0,0.0,0.0,0.0,0.0
560,0.9184,0.0,0.0,0.0,0.0,0.0,0.0,0.0,0.0,0.0
564,0.9387,0.0,0.0,0.0,0.0,0.0,0.0,0.0,0.0,0.0
568,0.9501,0.0,0.0,0.0,0.0,0.0,0.0,0.0,0.0,0.0
572,0.954,0.0,0.0,0.0,0.0,0.0,0.0,0.0,0.0,0.0
576,0.9606,0.0,0.0,0.0,0.0,0.0,0.0,0.0,0.0,0.0
580,0.9528,0.0,0.0,0.0,0.0,0.0,0.0,0.0,0.0,0.0
584,0.9058,0.0,0.0,0.0,0.0,0.0,0.0,0.0,0.0,0.0
588,0.8687,0.0,0.0,0.0,0.0,0.0,0.0,0.0,0.0,0.0
590,0.0,0.0038,0.0,0.0,0.0,0.0,0.0,0.0,0.0,0.0
592,0.774,0.0,0.0,0.0,0.0,0.0,0.0,0.0,0.0,0.0
593,0.0,0.0032,0.0,0.0,0.0,0.0,0.0,0.0,0.0,0.0
596,0.6795,0.0,0.0,0.0,0.0,0.0,0.0,0.0,0.0,0.0
599,0.0,0.0019,0.0,0.0,0.0,0.0,0.0,0.0,0.0,0.0
600,0.5206,0.0,0.0,0.0,0.0,0.0,0.0,0.0,0.0,0.0
602,0.0,0.0031,0.0,0.0,0.0,0.0,0.0,0.0,0.0,0.0
604,0.2972,0.0,0.0,0.0,0.0,0.0,0.0,0.0,0.0,0.0
605,0.0,0.0006,0.0,0.0,0.0,0.0,0.0,0.0,0.0,0.0
608,0.151,0.005,0.0,0.0,0.0,0.0,0.0,0.0,0.0,0.0
611,0.0,0.0049,0.0,0.0,0.0,0.0,0.0,0.0,0.0,0.0
612,0.0918,0.0,0.0,0.0,0.0,0.0,0.0,0.0,0.0,0.0
614,0.0,0.0018,0.0,0.0,0.0,0.0,0.0,0.0,0.0,0.0
616,0.052,0.0,0.0,0.0,0.0,0.0,0.0,0.0,0.0,0.0
617,0.0,0.0136,0.0,0.0,0.0,0.0,0.0,0.0,0.0,0.0
620,0.0355,0.0,0.0,0.0,0.0,0.0,0.0,0.0,0.0,0.0
623,0.0,0.1529,0.0,0.0,0.0,0.0,0.0,0.0,0.0,0.0
624,0.0098,0.0,0.0,0.0,0.0,0.0,0.0,0.0,0.0,0.0
626,0.0,0.3429,0.0,0.0,0.0,0.0,0.0,0.0,0.0,0.0
628,0.0046,0.0,0.0,0.0,0.0,0.0,0.0,0.0,0.0,0.0
629,0.0,0.5998,0.0,0.0,0.0,0.0,0.0,0.0,0.0,0.0
632,0.0037,0.8024,0.0,0.0,0.0,0.0,0.0,0.0,0.0,0.0
635,0.0,0.9709,0.0,0.0,0.0,0.0,0.0,0.0,0.0,0.0
636,0.0056,0.0,0.0,0.0,0.0,0.0,0.0,0.0,0.0,0.0
638,0.0,1.0,0.0,0.0,0.0,0.0,0.0,0.0,0.0,0.0
640,0.0037,0.0,0.0,0.0,0.0,0.0,0.0,0.0,0.0,0.0
641,0.0,0.9758,0.0,0.0,0.0,0.0,0.0,0.0,0.0,0.0
644,0.0014,0.9696,0.0,0.0,0.0,0.0,0.0,0.0,0.0,0.0
647,0.0,0.975,0.0,0.0,0.0,0.0,0.0,0.0,0.0,0.0
650,0.0,0.943,0.0,0.0,0.0,0.0,0.0,0.0,0.0,0.0
653,0.0,0.9077,0.0,0.0,0.0,0.0,0.0,0.0,0.0,0.0
656,0.0,0.9396,0.0,0.0,0.0,0.0,0.0,0.0,0.0,0.0
659,0.0,0.9426,0.0,0.0,0.0,0.0,0.0,0.0,0.0,0.0
660,0.0,0.0,0.0,0.0,0.0,0.0,0.0,0.0,0.0,0.0
662,0.0,0.9226,0.0,0.0,0.0,0.0,0.0,0.0,0.0,0.0
665,0.0,0.91,0.0,0.0,0.0,0.0,0.0,0.0,0.0,0.0
668,0.0,0.8935,0.0,0.0,0.0,0.0,0.0,0.0,0.0,0.0
670,0.0,0.0,0.0,0.0,0.0,0.0,0.0,0.0,0.0,0.0
671,0.0,0.8427,0.0,0.0,0.0,0.0,0.0,0.0,0.0,0.0
674,0.0,0.8031,0.0,0.0,0.0,0.0,0.0,0.0,0.0,0.0
677,0.0,0.7917,0.0,0.0,0.0,0.0,0.0,0.0,0.0,0.0
680,0.0,0.7702,0.0,0.0,0.0,0.0,0.0,0.0,0.0,0.0
683,0.0,0.7487,0.0,0.0,0.0,0.0,0.0,0.0,0.0,0.0
686,0.0,0.6619,0.0,0.0,0.0,0.0,0.0,0.0,0.0,0.0
689,0.0,0.5544,0.0,0.0,0.0,0.0,0.0,0.0,0.0,0.0
690,0.0,0.0,0.0,0.0,0.0,0.0,0.0,0.0,0.0,0.0
692,0.0,0.4596,0.0,0.0,0.0,0.0,0.0,0.0,0.0,0.0
695,0.0,0.4258,0.0,0.0,0.0,0.0,0.0,0.0,0.0,0.0
698,0.0,0.3708,0.0,0.0,0.0,0.0,0.0,0.0,0.0,0.0
700,0.0,0.0,0.0,0.0,0.0,0.0,0.0,0.0,0.0,0.0
701,0.0,0.2991,0.0,0.0,0.0,0.0,0.0,0.0,0.0,0.0
704,0.0,0.2166,0.0,0.0,0.0,0.0,0.0,0.0,0.0,0.0
707,0.0,0.1247,0.0,0.0,0.0,0.0,0.0,0.0,0.0,0.0
710,0.0,0.0623,0.0,0.0,0.0,0.0,0.0,0.0,0.0,0.0
713,0.0,0.0442,0.0,0.0,0.0,0.0,0.0,0.0,0.0,0.0
716,0.0,0.028,0.0,0.0,0.0,0.0,0.0,0.0,0.0,0.0
719,0.0,0.0118,0.0,0.0,0.0,0.0,0.0,0.0,0.0,0.0
720,0.0,0.0,0.0022,0.0099,0.0,0.0,0.0,0.0,0.0,0.0
722,0.0,0.0105,0.0,0.0,0.0,0.0,0.0,0.0,0.0,0.0
724,0.0,0.0,0.0,0.0088,0.0,0.0,0.0,0.0,0.0,0.0
725,0.0,0.0054,0.0,0.0,0.0,0.0,0.0,0.0,0.0,0.0
728,0.0,0.0041,0.0093,0.0206,0.0,0.0,0.0,0.0,0.0,0.0
730,0.0,0.0,0.0,0.0,0.0,0.0,0.0,0.0,0.0,0.0
731,0.0,0.0007,0.0,0.0,0.0,0.0,0.0,0.0,0.0,0.0
732,0.0,0.0,0.0258,0.0384,0.0,0.0,0.0,0.0,0.0,0.0
736,0.0,0.0,0.048,0.0657,0.0,0.0,0.0,0.0,0.0,0.0
740,0.0,0.0,0.0509,0.1218,0.0,0.0,0.0,0.0,0.0,0.0
744,0.0,0.0,0.098,0.2529,0.0,0.0,0.0,0.0,0.0,0.0
748,0.0,0.0,0.1907,0.4064,0.0,0.0,0.0,0.0,0.0,0.0
750,0.0,0.0,0.0,0.0,0.0,0.0,0.0,0.0,0.0,0.0
752,0.0,0.0,0.3353,0.6455,0.0,0.0,0.0,0.0,0.0,0.0
756,0.0,0.0,0.6379,0.8368,0.0,0.0,0.0,0.0,0.0,0.0
760,0.0,0.0,1.0,0.8973,0.0,0.0,0.0,0.0,0.0,0.0
764,0.0,0.0,0.9786,0.9461,0.0,0.0,0.0,0.0,0.0,0.0
768,0.0,0.0,0.8982,1.0,0.0,0.0,0.0,0.0,0.0,0.0
770,0.0,0.0,0.0,0.0,0.0,0.0,0.0,0.0,0.0,0.0
772,0.0,0.0,0.9148,0.9991,0.0,0.0,0.0,0.0,0.0,0.0
776,0.0,0.0,0.9778,0.9722,0.0,0.0,0.0,0.0,0.0,0.0
780,0.0,0.0,0.9942,0.9279,0.0,0.0,0.0,0.0,0.0,0.0
784,0.0,0.0,0.9783,0.8981,0.0,0.0,0.0,0.0,0.0,0.0
788,0.0,0.0,0.9624,0.9055,0.0,0.0,0.0,0.0,0.0,0.0
792,0.0,0.0,0.9355,0.901,0.0,0.0,0.0,0.0,0.0,0.0
796,0.0,0.0,0.9713,0.9171,0.0,0.0,0.0,0.0,0.0,0.0
800,0.0,0.0,0.982,0.9138,0.0,0.0,0.0,0.0,0.0,0.0
804,0.0,0.0,0.9976,0.8957,0.0,0.0,0.0,0.0,0.0,0.0
808,0.0,0.0,0.9895,0.9202,0.0,0.0,0.0,0.0,0.0,0.0
812,0.0,0.0,0.9751,0.9034,0.0,0.0,0.0,0.0,0.0,0.0
816,0.0,0.0,0.9874,0.9031,0.0,0.0,0.0,0.0,0.0,0.0
820,0.0,0.0,0.9694,0.8883,0.0,0.0,0.0,0.0,0.0,0.0
824,0.0,0.0,0.9542,0.8866,0.0,0.0,0.0,0.0,0.0,0.0
828,0.0,0.0,0.9489,0.8935,0.0,0.0,0.0,0.0,0.0,0.0
832,0.0,0.0,0.9247,0.9026,0.0,0.0,0.0,0.0,0.0,0.0
836,0.0,0.0,0.9609,0.9204,0.0,0.0,0.0,0.0,0.0,0.0
840,0.0,0.0,0.9489,0.8863,0.0,0.0,0.0,0.0,0.0,0.0
844,0.0,0.0,0.942,0.8813,0.0,0.0,0.0,0.0,0.0,0.0
848,0.0,0.0,0.9297,0.8554,0.0,0.0,0.0,0.0,0.0,0.0
852,0.0,0.0,0.8366,0.7877,0.0,0.0,0.0,0.0,0.0,0.0
856,0.0,0.0,0.6943,0.7254,0.0,0.0,0.0,0.0,0.0,0.0
860,0.0,0.0,0.4813,0.5576,0.0,0.0,0.0,0.0,0.0,0.0
864,0.0,0.0,0.2958,0.349,0.0,0.0,0.0,0.0,0.0,0.0
868,0.0,0.0,0.1763,0.2494,0.0,0.0,0.0,0.0,0.0,0.0
872,0.0,0.0,0.09,0.1452,0.0,0.0,0.0,0.0,0.0,0.0
876,0.0,0.0,0.0547,0.0929,0.0,0.0,0.0,0.0,0.0,0.0
880,0.0,0.0,0.0318,0.0594,0.0,0.0,0.0,0.0,0.0,0.0
884,0.0,0.0,0.0258,0.0346,0.0,0.0,0.0,0.0,0.0,0.0
888,0.0,0.0,0.0204,0.0133,0.0,0.0,0.0,0.0,0.0,0.0
892,0.0,0.0,0.0075,0.0146,0.0,0.0,0.0,0.0,0.0,0.0
896,0.0,0.0,0.0074,0.0141,0.0,0.0,0.0,0.0,0.0,0.0
900,0.0,0.0,0.0049,0.0146,0.0,0.0,0.0,0.0,0.0,0.0
904,0.0,0.0,0.0024,0.0012,0.0,0.0,0.0,0.0,0.0,0.0
908,0.0,0.0,0.0024,0.0183,0.0,0.0,0.0,0.0,0.0,0.0
912,0.0,0.0,0.0,0.0075,0.0,0.0,0.0,0.0,0.0,0.0
916,0.0,0.0,0.0,0.0098,0.0,0.0,0.0,0.0,0.0,0.0
920,0.0,0.0,0.0,0.0,0.0,0.0,0.0,0.0,0.0,0.0
924,0.0,0.0,0.0,0.0047,0.0,0.0,0.0,0.0,0.0,0.0
1000,0.0,0.0,0.0,0.0,0.0,0.0,0.0,0.0,0.0,0.0
1048,0.0,0.0,0.0,0.0,0.0,0.0,0.0,0.0,0.0,0.0
1096,0.0,0.0,0.0,0.0,0.0,0.0,0.0,0.0,0.0,0.0
1144,0.0,0.0,0.0,0.0,0.0,0.0,0.0,0.0,0.0,0.0
1192,0.0,0.0,0.0,0.0,0.0,0.0,0.0,0.0,0.0,0.0
1240,0.0,0.0,0.0,0.0,0.0,0.0,0.0,0.0,0.0,0.0
1288,0.0,0.0,0.0,0.0,0.0,0.0,0.0,0.0,0.0,0.0
1336,0.0,0.0,0.0,0.0,0.0,0.0,0.0,0.0,0.0,0.0
1384,0.0,0.0,0.0,0.0,0.0,0.0,0.0,0.0,0.0,0.0
1432,0.0,0.0,0.0,0.0,0.0,0.0,0.0,0.0,0.0,0.0
1480,0.0,0.0,0.0,0.0,0.0,0.0,0.0,0.0,0.0,0.0
1528,0.0,0.0,0.0,0.0,0.0,0.0,0.0,0.0,0.0,0.0
1570,0.0,0.0,0.0,0.0,0.004,0.0,0.0,0.0,0.0,0.0
1576,0.0,0.0,0.0,0.0,0.0,0.0,0.0,0.0,0.0,0.0
1580,0.0,0.0,0.0,0.0,0.008,0.0,0.0,0.0,0.0,0.0
1590,0.0,0.0,0.0,0.0,0.033,0.0,0.0,0.0,0.0,0.0
1592,0.0,0.0,0.0,0.0,0.045,0.0,0.0,0.0,0.0,0.0
1595,0.0,0.0,0.0,0.0,0.074,0.0,0.0,0.0,0.0,0.0
1598,0.0,0.0,0.0,0.0,0.099,0.0,0.0,0.0,0.0,0.0
1600,0.0,0.0,0.0,0.0,0.152,0.0,0.0,0.0,0.0,0.0
1602,0.0,0.0,0.0,0.0,0.214,0.0,0.0,0.0,0.0,0.0
1605,0.0,0.0,0.0,0.0,0.305,0.0,0.0,0.0,0.0,0.0
1608,0.0,0.0,0.0,0.0,0.42,0.0,0.0,0.0,0.0,0.0
1610,0.0,0.0,0.0,0.0,0.597,0.0,0.0,0.0,0.0,0.0
1612,0.0,0.0,0.0,0.0,0.675,0.0,0.0,0.0,0.0,0.0
1615,0.0,0.0,0.0,0.0,0.79,0.0,0.0,0.0,0.0,0.0
1618,0.0,0.0,0.0,0.0,0.827,0.0,0.0,0.0,0.0,0.0
1620,0.0,0.0,0.0,0.0,0.84,0.0,0.0,0.0,0.0,0.0
1622,0.0,0.0,0.0,0.0,0.848,0.0,0.0,0.0,0.0,0.0
1624,0.0,0.0,0.0,0.0,0.0,0.0,0.0,0.0,0.0,0.0
1625,0.0,0.0,0.0,0.0,0.901,0.0,0.0,0.0,0.0,0.0
1628,0.0,0.0,0.0,0.0,0.905,0.0,0.0,0.0,0.0,0.0
1630,0.0,0.0,0.0,0.0,0.91,0.0,0.0,0.0,0.0,0.0
1632,0.0,0.0,0.0,0.0,0.914,0.0,0.0,0.0,0.0,0.0
1635,0.0,0.0,0.0,0.0,0.905,0.0,0.0,0.0,0.0,0.0
1638,0.0,0.0,0.0,0.0,0.926,0.0,0.0,0.0,0.0,0.0
1640,0.0,0.0,0.0,0.0,0.947,0.0,0.0,0.0,0.0,0.0
1642,0.0,0.0,0.0,0.0,0.967,0.0,0.0,0.0,0.0,0.0
1645,0.0,0.0,0.0,0.0,0.976,0.0,0.0,0.0,0.0,0.0
1648,0.0,0.0,0.0,0.0,0.984,0.0,0.0,0.0,0.0,0.0
1650,0.0,0.0,0.0,0.0,0.971,0.0,0.0,0.0,0.0,0.0
1652,0.0,0.0,0.0,0.0,0.979,0.0,0.0,0.0,0.0,0.0
1655,0.0,0.0,0.0,0.0,0.988,0.0,0.0,0.0,0.0,0.0
1658,0.0,0.0,0.0,0.0,1.0,0.0,0.0,0.0,0.0,0.0
1660,0.0,0.0,0.0,0.0,0.992,0.0,0.0,0.0,0.0,0.0
1662,0.0,0.0,0.0,0.0,0.984,0.0,0.0,0.0,0.0,0.0
1665,0.0,0.0,0.0,0.0,0.978,0.0,0.0,0.0,0.0,0.0
1668,0.0,0.0,0.0,0.0,0.971,0.0,0.0,0.0,0.0,0.0
1670,0.0,0.0,0.0,0.0,0.947,0.0,0.0,0.0,0.0,0.0
1672,0.0,0.0,0.0,0.0,0.951,0.0,0.0,0.0,0.0,0.0
1675,0.0,0.0,0.0,0.0,0.945,0.0,0.0,0.0,0.0,0.0
1678,0.0,0.0,0.0,0.0,0.938,0.0,0.0,0.0,0.0,0.0
1680,0.0,0.0,0.0,0.0,0.934,0.0,0.0,0.0,0.0,0.0
1682,0.0,0.0,0.0,0.0,0.93,0.0,0.0,0.0,0.0,0.0
1685,0.0,0.0,0.0,0.0,0.936,0.0,0.0,0.0,0.0,0.0
1688,0.0,0.0,0.0,0.0,0.942,0.0,0.0,0.0,0.0,0.0
1690,0.0,0.0,0.0,0.0,0.914,0.0,0.0,0.0,0.0,0.0
1692,0.0,0.0,0.0,0.0,0.897,0.0,0.0,0.0,0.0,0.0
1695,0.0,0.0,0.0,0.0,0.798,0.0,0.0,0.0,0.0,0.0
1698,0.0,0.0,0.0,0.0,0.7,0.0,0.0,0.0,0.0,0.0
1700,0.0,0.0,0.0,0.0,0.597,0.0,0.0,0.0,0.0,0.0
1702,0.0,0.0,0.0,0.0,0.461,0.0,0.0,0.0,0.0,0.0
1705,0.0,0.0,0.0,0.0,0.37,0.0,0.0,0.0,0.0,0.0
1708,0.0,0.0,0.0,0.0,0.263,0.0,0.0,0.0,0.0,0.0
1710,0.0,0.0,0.0,0.0,0.173,0.0,0.0,0.0,0.0,0.0
1720,0.0,0.0,0.0,0.0,0.045,0.0,0.0,0.0,0.0,0.0
1730,0.0,0.0,0.0,0.0,0.016,0.0,0.0,0.0,0.0,0.0
1740,0.0,0.0,0.0,0.0,0.004,0.0,0.0,0.0,0.0,0.0
1750,0.0,0.0,0.0,0.0,0.001,0.0,0.0,0.0,0.0,0.0
1768,0.0,0.0,0.0,0.0,0.0002,0.0,0.0,0.0,0.0,0.0
1816,0.0,0.0,0.0,0.0,0.0,0.0,0.0,0.0,0.0,0.0
1864,0.0,0.0,0.0,0.0,0.0,0.0,0.0,0.0,0.0,0.0
1912,0.0,0.0,0.0,0.0,0.0,0.0,0.0,0.0,0.0,0.0
1960,0.0,0.0,0.0,0.0,0.0,0.0,0.0,0.0,0.0,0.0
2008,0.0,0.0,0.0,0.0,0.0,0.0,0.0,0.0,0.0,0.0
2056,0.0,0.0,0.0,0.0,0.0,0.0,0.0,0.0,0.0,0.0
2104,0.0,0.0,0.0,0.0,0.0,0.0,0.0,0.0,0.0,0.0
2120,0.0,0.0,0.0,0.0,0.0,0.008,0.0,0.0,0.0,0.0
2130,0.0,0.0,0.0,0.0,0.0,0.02,0.0,0.0,0.0,0.0
2132,0.0,0.0,0.0,0.0,0.0,0.029,0.0,0.0,0.0,0.0
2135,0.0,0.0,0.0,0.0,0.0,0.041,0.0,0.0,0.0,0.0
2138,0.0,0.0,0.0,0.0,0.0,0.078,0.0,0.0,0.0,0.0
2140,0.0,0.0,0.0,0.0,0.0,0.131,0.0,0.0,0.0,0.0
2142,0.0,0.0,0.0,0.0,0.0,0.205,0.0,0.0,0.0,0.0
2145,0.0,0.0,0.0,0.0,0.0,0.303,0.0,0.0,0.0,0.0
2148,0.0,0.0,0.0,0.0,0.0,0.541,0.0,0.0,0.0,0.0
2150,0.0,0.0,0.0,0.0,0.0,0.705,0.008,0.0,0.0,0.0
2152,0.0,0.0,0.0,0.0,0.0,0.779,0.0,0.0,0.0,0.0
2155,0.0,0.0,0.0,0.0,0.0,0.791,0.0,0.0,0.0,0.0
2158,0.0,0.0,0.0,0.0,0.0,0.803,0.0,0.0,0.0,0.0
2160,0.0,0.0,0.0,0.0,0.0,0.822,0.016,0.0,0.0,0.0
2162,0.0,0.0,0.0,0.0,0.0,0.84,0.0,0.0,0.0,0.0
2165,0.0,0.0,0.0,0.0,0.0,0.918,0.0,0.0,0.0,0.0
2168,0.0,0.0,0.0,0.0,0.0,0.959,0.0,0.0,0.0,0.0
2170,0.0,0.0,0.0,0.0,0.0,1.0,0.037,0.0,0.0,0.0
2172,0.0,0.0,0.0,0.0,0.0,0.975,0.049,0.0,0.0,0.0
2175,0.0,0.0,0.0,0.0,0.0,0.902,0.066,0.0,0.0,0.0
2178,0.0,0.0,0.0,0.0,0.0,0.779,0.107,0.0,0.0,0.0
2180,0.0,0.0,0.0,0.0,0.0,0.689,0.172,0.0,0.0,0.0
2182,0.0,0.0,0.0,0.0,0.0,0.59,0.254,0.0,0.0,0.0
2185,0.0,0.0,0.0,0.0,0.0,0.418,0.352,0.0,0.0,0.0
2188,0.0,0.0,0.0,0.0,0.0,0.303,0.5,0.0,0.0,0.0
2190,0.0,0.0,0.0,0.0,0.0,0.23,0.602,0.0,0.0,0.0
2192,0.0,0.0,0.0,0.0,0.0,0.172,0.742,0.0,0.0,0.0
2195,0.0,0.0,0.0,0.0,0.0,0.107,0.762,0.0,0.0,0.0
2198,0.0,0.0,0.0,0.0,0.0,0.07,0.779,0.0,0.0,0.0
2200,0.0,0.0,0.0,0.0,0.0,0.061,0.852,0.0,0.0,0.0
2202,0.0,0.0,0.0,0.0,0.0,0.0498,0.869,0.0,0.0,0.0
2205,0.0,0.0,0.0,0.0,0.0,0.0385,0.886,0.0,0.0,0.0
2208,0.0,0.0,0.0,0.0,0.0,0.0273,0.902,0.0,0.0,0.0
2210,0.0,0.0,0.0,0.0,0.0,0.016,0.929,0.008,0.0,0.0
2212,0.0,0.0,0.0,0.0,0.0,0.014,0.955,0.0,0.0,0.0
2215,0.0,0.0,0.0,0.0,0.0,0.012,0.984,0.0,0.0,0.0
2218,0.0,0.0,0.0,0.0,0.0,0.01,1.0,0.0,0.0,0.0
2220,0.0,0.0,0.0,0.0,0.0,0.008,0.934,0.025,0.0,0.0
2222,0.0,0.0,0.0,0.0,0.0,0.007,0.82,0.033,0.0,0.0
2225,0.0,0.0,0.0,0.0,0.0,0.006,0.754,0.049,0.0,0.0
2228,0.0,0.0,0.0,0.0,0.0,0.005,0.516,0.07,0.0,0.0
2230,0.0,0.0,0.0,0.0,0.0,0.004,0.328,0.115,0.0,0.0
2232,0.0,0.0,0.0,0.0,0.0,0.0,0.238,0.176,0.0,0.0
2234,0.0,0.0,0.0,0.0,0.0,0.0037,0.0,0.0,0.0,0.0
2235,0.0,0.0,0.0,0.0,0.0,0.0,0.164,0.25,0.0,0.0
2238,0.0,0.0,0.0,0.0,0.0,0.0,0.107,0.385,0.0,0.0
2239,0.0,0.0,0.0,0.0,0.0,0.0033,0.0,0.0,0.0,0.0
2240,0.0,0.0,0.0,0.0,0.0,0.0,0.057,0.508,0.0,0.0
2242,0.0,0.0,0.0,0.0,0.0,0.0,0.0468,0.656,0.0,0.0
2244,0.0,0.0,0.0,0.0,0.0,0.003,0.0,0.0,0.0,0.0
2245,0.0,0.0,0.0,0.0,0.0,0.0,0.0365,0.795,0.0,0.0
2248,0.0,0.0,0.0,0.0,0.0,0.0027,0.0263,0.869,0.0001,0.0
2250,0.0,0.0,0.0,0.0,0.0,0.0,0.016,0.848,0.0,0.0
2252,0.0,0.0,0.0,0.0,0.0,0.0,0.014,0.91,0.0,0.0
2255,0.0,0.0,0.0,0.0,0.0,0.0,0.012,0.91,0.0,0.0
2258,0.0,0.0,0.0,0.0,0.0,0.0,0.01,0.926,0.0,0.0
2260,0.0,0.0,0.0,0.0,0.0,0.002,0.008,0.926,0.012,0.0
2262,0.0,0.0,0.0,0.0,0.0,0.0,0.007,0.943,0.0,0.0
2265,0.0,0.0,0.0,0.0,0.0,0.0,0.006,0.959,0.0,0.0
2268,0.0,0.0,0.0,0.0,0.0,0.0,0.005,0.975,0.0,0.0
2270,0.0,0.0,0.0,0.0,0.0,0.0,0.004,0.975,0.016,0.0
2272,0.0,0.0,0.0,0.0,0.0,0.0013,0.0,1.0,0.0,0.0
2275,0.0,0.0,0.0,0.0,0.0,0.0,0.0,0.959,0.0,0.0
2276,0.0,0.0,0.0,0.0,0.0,0.0,0.003,0.0,0.0,0.0
2278,0.0,0.0,0.0,0.0,0.0,0.0,0.0,0.869,0.0,0.0
2280,0.0,0.0,0.0,0.0,0.0,0.0,0.0,0.799,0.045,0.0
2282,0.0,0.0,0.0,0.0,0.0,0.0,0.0,0.705,0.061,0.0
2283,0.0,0.0,0.0,0.0,0.0,0.0,0.0021,0.0,0.0,0.0
2284,0.0,0.0,0.0,0.0,0.0,0.0007,0.0,0.0,0.0,0.0
2285,0.0,0.0,0.0,0.0,0.0,0.0,0.0,0.623,0.082,0.0
2288,0.0,0.0,0.0,0.0,0.0,0.0,0.0,0.5,0.106,0.0
2290,0.0,0.0,0.0,0.0,0.0,0.0,0.0012,0.393,0.139,0.0
2292,0.0,0.0,0.0,0.0,0.0,0.0,0.0,0.303,0.204,0.0
2295,0.0,0.0,0.0,0.0,0.0,0.0,0.0,0.242,0.286,0.0
2296,0.0,0.0,0.0,0.0,0.0,0.0,0.0002,0.0,0.0,0.0001
2298,0.0,0.0,0.0,0.0,0.0,0.0,0.0,0.176,0.449,0.0
2300,0.0,0.0,0.0,0.0,0.0,0.0,0.0,0.127,0.604,0.0
2302,0.0,0.0,0.0,0.0,0.0,0.0,0.0,0.106,0.702,0.0
2305,0.0,0.0,0.0,0.0,0.0,0.0,0.0,0.084,0.833,0.0
2308,0.0,0.0,0.0,0.0,0.0,0.0,0.0,0.0625,0.971,0.0
2310,0.0,0.0,0.0,0.0,0.0,0.0,0.0,0.041,0.988,0.0
2312,0.0,0.0,0.0,0.0,0.0,0.0,0.0,0.037,0.955,0.0
2315,0.0,0.0,0.0,0.0,0.0,0.0,0.0,0.033,0.98,0.0
2318,0.0,0.0,0.0,0.0,0.0,0.0,0.0,0.029,0.977,0.0
2320,0.0,0.0,0.0,0.0,0.0,0.0,0.0,0.025,0.975,0.008
2322,0.0,0.0,0.0,0.0,0.0,0.0,0.0,0.0,0.972,0.0
2325,0.0,0.0,0.0,0.0,0.0,0.0,0.0,0.0,0.97,0.0
2326,0.0,0.0,0.0,0.0,0.0,0.0,0.0,0.0209,0.0,0.0
2328,0.0,0.0,0.0,0.0,0.0,0.0,0.0,0.0,0.967,0.0
2330,0.0,0.0,0.0,0.0,0.0,0.0,0.0,0.0,0.947,0.012
2332,0.0,0.0,0.0,0.0,0.0,0.0,0.0,0.0168,0.962,0.0
2335,0.0,0.0,0.0,0.0,0.0,0.0,0.0,0.0,0.977,0.0
2338,0.0,0.0,0.0,0.0,0.0,0.0,0.0,0.0127,0.992,0.0
2340,0.0,0.0,0.0,0.0,0.0,0.0,0.0,0.0,1.0,0.02
2342,0.0,0.0,0.0,0.0,0.0,0.0,0.0,0.0,0.98,0.029
2344,0.0,0.0,0.0,0.0,0.0,0.0,0.0,0.0086,0.0,0.0
2345,0.0,0.0,0.0,0.0,0.0,0.0,0.0,0.0,0.996,0.045
2348,0.0,0.0,0.0,0.0,0.0,0.0,0.0,0.0,0.992,0.065
2350,0.0,0.0,0.0,0.0,0.0,0.0,0.0,0.0,0.996,0.078
2352,0.0,0.0,0.0,0.0,0.0,0.0,0.0,0.0,0.955,0.11
2355,0.0,0.0,0.0,0.0,0.0,0.0,0.0,0.0,0.963,0.155
2356,0.0,0.0,0.0,0.0,0.0,0.0,0.0,0.0065,0.0,0.0
2358,0.0,0.0,0.0,0.0,0.0,0.0,0.0,0.0,0.906,0.229
2360,0.0,0.0,0.0,0.0,0.0,0.0,0.0,0.0,0.837,0.327
2362,0.0,0.0,0.0,0.0,0.0,0.0,0.0,0.0,0.784,0.424
2365,0.0,0.0,0.0,0.0,0.0,0.0,0.0,0.0,0.702,0.539
2368,0.0,0.0,0.0,0.0,0.0,0.0,0.0,0.0044,0.58,0.727
2370,0.0,0.0,0.0,0.0,0.0,0.0,0.0,0.0,0.441,0.784
2372,0.0,0.0,0.0,0.0,0.0,0.0,0.0,0.0,0.343,0.906
2375,0.0,0.0,0.0,0.0,0.0,0.0,0.0,0.0,0.278,0.927
2378,0.0,0.0,0.0,0.0,0.0,0.0,0.0,0.0,0.22,0.898
2380,0.0,0.0,0.0,0.0,0.0,0.0,0.0,0.0022,0.167,0.9
2382,0.0,0.0,0.0,0.0,0.0,0.0,0.0,0.0,0.0,0.901
2385,0.0,0.0,0.0,0.0,0.0,0.0,0.0,0.0,0.0,0.903
2388,0.0,0.0,0.0,0.0,0.0,0.0,0.0,0.0,0.0,0.904
2390,0.0,0.0,0.0,0.0,0.0,0.0,0.0,0.0,0.057,0.906
2392,0.0,0.0,0.0,0.0,0.0,0.0,0.0,0.0001,0.0,0.931
2395,0.0,0.0,0.0,0.0,0.0,0.0,0.0,0.0,0.0,0.927
2398,0.0,0.0,0.0,0.0,0.0,0.0,0.0,0.0,0.0,0.922
2400,0.0,0.0,0.0,0.0,0.0,0.0,0.0,0.0,0.02,0.961
2402,0.0,0.0,0.0,0.0,0.0,0.0,0.0,0.0,0.0,1.0
2405,0.0,0.0,0.0,0.0,0.0,0.0,0.0,0.0,0.0,0.98
2408,0.0,0.0,0.0,0.0,0.0,0.0,0.0,0.0,0.0,0.959
2410,0.0,0.0,0.0,0.0,0.0,0.0,0.0,0.0,0.012,0.927
2412,0.0,0.0,0.0,0.0,0.0,0.0,0.0,0.0,0.0,0.894
2415,0.0,0.0,0.0,0.0,0.0,0.0,0.0,0.0,0.0,0.869
2418,0.0,0.0,0.0,0.0,0.0,0.0,0.0,0.0,0.0,0.833
2420,0.0,0.0,0.0,0.0,0.0,0.0,0.0,0.0,0.008,0.816
2422,0.0,0.0,0.0,0.0,0.0,0.0,0.0,0.0,0.0,0.767
2425,0.0,0.0,0.0,0.0,0.0,0.0,0.0,0.0,0.0,0.702
2428,0.0,0.0,0.0,0.0,0.0,0.0,0.0,0.0,0.0,0.661
2430,0.0,0.0,0.0,0.0,0.0,0.0,0.0,0.0,0.004,0.563
2432,0.0,0.0,0.0,0.0,0.0,0.0,0.0,0.0,0.0,0.424
2435,0.0,0.0,0.0,0.0,0.0,0.0,0.0,0.0,0.0,0.343
2438,0.0,0.0,0.0,0.0,0.0,0.0,0.0,0.0,0.0,0.261
2440,0.0,0.0,0.0,0.0,0.0,0.0,0.0,0.0,0.0012,0.192
2450,0.0,0.0,0.0,0.0,0.0,0.0,0.0,0.0,0.0,0.049
2460,0.0,0.0,0.0,0.0,0.0,0.0,0.0,0.0,0.0,0.016
2470,0.0,0.0,0.0,0.0,0.0,0.0,0.0,0.0,0.0,0.008
2480,0.0,0.0,0.0,0.0,0.0,0.0,0.0,0.0,0.0,0.004
2488,0.0,0.0,0.0,0.0,0.0,0.0,0.0,0.0,0.0001,0.0088
2536,0.0,0.0,0.0,0.0,0.0,0.0,0.0,0.0,0.0,0.0001
2584,0.0,0.0,0.0,0.0,0.0,0.0,0.0,0.0,0.0,0.0
2632,0.0,0.0,0.0,0.0,0.0,0.0,0.0,0.0,0.0,0.0
2680,0.0,0.0,0.0,0.0,0.0,0.0,0.0,0.0,0.0,0.0
2728,0.0,0.0,0.0,0.0,0.0,0.0,0.0,0.0,0.0,0.0
2776,0.0,0.0,0.0,0.0,0.0,0.0,0.0,0.0,0.0,0.0
2824,0.0,0.0,0.0,0.0,0.0,0.0,0.0,0.0,0.0,0.0
2872,0.0,0.0,0.0,0.0,0.0,0.0,0.0,0.0,0.0,0.0
2920,0.0,0.0,0.0,0.0,0.0,0.0,0.0,0.0,0.0,0.0
2968,0.0,0.0,0.0,0.0,0.0,0.0,0.0,0.0,0.0,0.0
3016,0.0,0.0,0.0,0.0,0.0,0.0,0.0,0.0,0.0,0.0
3064,0.0,0.0,0.0,0.0,0.0,0.0,0.0,0.0,0.0001,0.0
3112,0.0,0.0,0.0,0.0,0.0,0.0,0.0001,0.0,0.0001,0.0001
3160,0.0,0.0,0.0,0.0,0.0,0.0,0.0001,0.0,0.0001,0.0002
3208,0.0,0.0,0.0,0.0,0.0,0.0,0.0,0.0,0.0002,0.0002
3256,0.0,0.0,0.0,0.0,0.0,0.0,0.0,0.0,0.0002,0.0007
3304,0.0,0.0,0.0,0.0,0.0,0.0,0.0,0.0,0.0015,0.001
3352,0.0,0.0,0.0,0.0,0.0,0.0,0.0,0.0,0.0,0.0
3400,0.0,0.0,0.0,0.0,0.0,0.0,0.0,0.0,0.0,0.0
3448,0.0,0.0,0.0,0.0,0.0,0.0,0.0,0.0,0.0,0.0
3496,0.0,0.0,0.0,0.0,0.0,0.0,0.0,0.0,0.0,0.0
3544,0.0,0.0,0.0,0.0,0.0,0.0,0.0,0.0,0.0,0.0
3592,0.0,0.0,0.0,0.0,0.0,0.0,0.0,0.0,0.0,0.0
3640,0.0,0.0,0.0,0.0,0.0,0.0,0.0,0.0,0.0,0.0
3688,0.0,0.0,0.0,0.0,0.0,0.0,0.0,0.0,0.0,0.0
3736,0.0,0.0,0.0,0.0,0.0,0.0,0.0,0.0,0.0,0.0
3784,0.0,0.0,0.0,0.0,0.0,0.0,0.0,0.0,0.0,0.0
3832,0.0,0.0,0.0,0.0,0.0,0.0,0.0,0.0,0.0,0.0
3880,0.0,0.0,0.0,0.0,0.0,0.0,0.0,0.0,0.0,0.0
3928,0.0,0.0,0.0,0.0,0.0,0.0,0.0,0.0,0.0,0.0
3976,0.0,0.0,0.0,0.0,0.0,0.0,0.0,0.0,0.0,0.0
4024,0.0,0.0,0.0,0.0,0.0,0.0,0.0,0.0,0.0,0.0
4072,0.0,0.0,0.0,0.0,0.0,0.0,0.0,0.0,0.0,0.0
4120,0.0,0.0,0.0,0.0,0.0,0.0,0.0,0.0,0.0,0.0
4168,0.0,0.0,0.0,0.0,0.0,0.0,0.0,0.0,0.0,0.0
4216,0.0,0.0,0.0,0.0,0.0,0.0,0.0,0.0,0.0,0.0
4264,0.0,0.0,0.0,0.0,0.0,0.0,0.0,0.0,0.0,0.0
4312,0.0,0.0,0.0,0.0,0.0,0.0,0.0,0.0,0.0,0.0
4360,0.0,0.0,0.0,0.0,0.0,0.0,0.0,0.0,0.0,0.0
4408,0.0,0.0,0.0,0.0,0.0,0.0,0.0,0.0,0.0,0.0
4456,0.0,0.0,0.0,0.0,0.0,0.0,0.0,0.0,0.0,0.0
4504,0.0,0.0,0.0,0.0,0.0,0.0,0.0,0.0,0.0,0.0
4552,0.0,0.0,0.0,0.0,0.0,0.0,0.0,0.0,0.0,0.0
4600,0.0,0.0,0.0,0.0,0.0,0.0,0.0,0.0,0.0,0.0
4648,0.0,0.0,0.0,0.0,0.0,0.0,0.0,0.0,0.0,0.0
4696,0.0,0.0,0.0,0.0,0.0,0.0,0.0,0.0,0.0,0.0
4744,0.0,0.0,0.0,0.0,0.0,0.0,0.0,0.0,0.0,0.0
4792,0.0,0.0,0.0,0.0,0.0,0.0,0.0,0.0,0.0,0.0
4840,0.0,0.0,0.0,0.0,0.0,0.0,0.0,0.0,0.0,0.0
4888,0.0,0.0,0.0,0.0,0.0,0.0,0.0,0.0,0.0,0.0
4936,0.0,0.0,0.0,0.0,0.0,0.0,0.0,0.0,0.0,0.0
4984,0.0,0.0,0.0,0.0,0.0,0.0,0.0,0.0,0.0,0.0
5032,0.0,0.0,0.0,0.0,0.0,0.0,0.0,0.0,0.0,0.0
5080,0.0,0.0,0.0,0.0,0.0,0.0,0.0,0.0,0.0,0.0
5128,0.0,0.0,0.0,0.0,0.0,0.0,0.0,0.0,0.0,0.0
5176,0.0,0.0,0.0,0.0,0.0,0.0,0.0,0.0,0.0,0.0
5224,0.0,0.0,0.0,0.0,0.0,0.0,0.0,0.0,0.0,0.0
5272,0.0,0.0,0.0,0.0,0.0,0.0,0.0,0.0,0.0,0.0
5320,0.0,0.0,0.0,0.0,0.0,0.0,0.0,0.0,0.0,0.0
5368,0.0,0.0,0.0,0.0,0.0,0.0,0.0,0.0,0.0,0.0
5416,0.0,0.0,0.0,0.0,0.0,0.0,0.0,0.0,0.0,0.0
5464,0.0,0.0,0.0,0.0,0.0,0.0,0.0,0.0,0.0,0.0
5500,0.0,0.0,0.0,0.0,0.0,0.0,0.0,0.0,0.0,0.0
5512,0.0,0.0,0.0,0.0,0.0,0.0,0.0,0.0,0.0,0.0
5520,0.0,0.0,0.0,0.0,0.0,0.0,0.0,0.0,0.0,0.0
5530,0.0,0.0,0.0,0.0,0.0,0.0,0.0,0.0,0.0,0.0
5540,0.0,0.0,0.0,0.0,0.0,0.0,0.0,0.0,0.0,0.0
5550,0.0,0.0,0.0,0.0,0.0,0.0,0.0,0.0,0.0,0.0
5560,0.0,0.0,0.0,0.0,0.0,0.0,0.0,0.0,0.0,0.0
5570,0.0,0.0,0.0,0.0,0.0,0.0,0.0,0.0,0.0,0.0
5580,0.0,0.0,0.0,0.0,0.0,0.0,0.0,0.0,0.0,0.0
