nm,Band_1p,Band_1,Band_2,Band_3,Band_4,Band_4p,Band_5p,Band_5,Band_7,Pan
415,1e-05,0.0,0.0,0.0,0.0,0.0,0.0,0.0,0.0,0.0
416,1e-05,0.0,0.0,0.0,0.0,0.0,0.0,0.0,0.0,0.0
417,1e-05,0.0,0.0,0.0,0.0,0.0,0.0,0.0,0.0,0.0
418,2e-05,0.0,0.0,0.0,0.0,0.0,0.0,0.0,0.0,0.0
419,5e-05,0.0,0.0,0.0,0.0,0.0,0.0,0.0,0.0,0.0
420,2e-05,0.0,0.0,0.0,0.0,0.0,0.0,0.0,0.0,0.0
421,4e-05,0.0,0.0,0.0,0.0,0.0,0.0,0.0,0.0,0.0
422,6e-05,0.0,0.0,0.0,0.0,0.0,0.0,0.0,0.0,0.0
423,0.00012,1e-05,0.0,0.0,0.0,0.0,0.0,0.0,0.0,0.0
424,0.00033,2e-05,0.0,0.0,0.0,0.0,0.0,0.0,0.0,0.0
425,0.00112,1e-05,0.0,0.0,0.0,0.0,0.0,0.0,0.0,0.0
426,0.00294,2e-05,0.0,0.0,0.0,0.0,0.0,0.0,0.0,0.0
427,0.00592,2e-05,0.0,0.0,0.0,0.0,0.0,0.0,0.0,0.0
428,0.0129,2e-05,0.0,0.0,0.0,0.0,0.0,0.0,0.0,0.0
429,0.03775,3e-05,0.0,0.0,0.0,0.0,0.0,0.0,0.0,0.0
430,0.13134,4e-05,0.0,0.0,0.0,0.0,0.0,0.0,0.0,0.0
431,0.37654,6e-05,0.0,0.0,0.0,0.0,0.0,0.0,0.0,0.0
432,0.63138,9e-05,0.0,0.0,0.0,0.0,0.0,0.0,0.0,0.0
433,0.77226,0.00016,0.0,0.0,0.0,0.0,0.0,0.0,0.0,0.0
434,0.83116,0.00021,0.0,0.0,0.0,0.0,0.0,0.0,0.0,0.0
435,0.84806,0.00039,0.0,0.0,0.0,0.0,0.0,0.0,0.0,0.0
436,0.86361,0.00067,0.0,0.0,0.0,0.0,0.0,0.0,0.0,0.0
437,0.8885,0.0011,0.0,0.0,0.0,0.0,0.0,0.0,0.0,0.0
438,0.91209,0.00184,0.0,0.0,0.0,0.0,0.0,0.0,0.0,0.0
439,0.92965,0.00291,0.0,0.0,0.0,0.0,0.0,0.0,0.0,0.0
440,0.94517,0.00443,0.0,0.0,0.0,0.0,0.0,0.0,0.0,0.0
441,0.96242,0.00623,0.0,0.0,0.0,0.0,0.0,0.0,0.0,0.0
442,0.97607,0.00839,0.0,0.0,0.0,0.0,0.0,0.0,0.0,0.0
443,0.97575,0.01139,0.0,0.0,0.0,0.0,0.0,0.0,0.0,0.0
444,0.97628,0.01566,0.0,0.0,0.0,0.0,0.0,0.0,0.0,0.0
445,0.98894,0.02255,0.0,0.0,0.0,0.0,0.0,0.0,0.0,0.0
446,1.0,0.03517,0.0,0.0,0.0,0.0,0.0,0.0,0.0,0.0
447,0.99352,0.05748,0.0,0.0,0.0,0.0,0.0,0.0,0.0,0.0
448,0.99135,0.10196,0.0,0.0,0.0,0.0,0.0,0.0,0.0,0.0
449,0.99052,0.18264,0.0,0.0,0.0,0.0,0.0,0.0,0.0,0.0
450,0.88463,0.31656,0.0,0.0,0.0,0.0,0.0,0.0,0.0,0.0
451,0.55995,0.4625,0.0,0.0,0.0,0.0,0.0,0.0,0.0,0.0
452,0.23447,0.55808,0.0,0.0,0.0,0.0,0.0,0.0,0.0,0.0
453,0.08814,0.58908,0.0,0.0,0.0,0.0,0.0,0.0,0.0,0.0
454,0.03889,0.59755,0.0,0.0,0.0,0.0,0.0,0.0,0.0,0.0
455,0.02077,0.60835,0.0,0.0,0.0,0.0,0.0,0.0,0.0,0.0
456,0.01179,0.62161,0.0,0.0,0.0,0.0,0.0,0.0,0.0,0.0
457,0.00572,0.6342,0.0,0.0,0.0,0.0,0.0,0.0,0.0,2e-05
458,0.00246,0.64768,0.0,0.0,0.0,0.0,0.0,0.0,0.0,3e-05
459,0.00114,0.65556,0.0,0.0,0.0,0.0,0.0,0.0,0.0,8e-05
460,0.00063,0.66082,0.0,0.0,0.0,0.0,0.0,0.0,0.0,0.00018
461,0.00044,0.66457,0.0,0.0,0.0,0.0,0.0,0.0,0.0,0.0002
462,0.00032,0.67297,0.0,0.0,0.0,0.0,0.0,0.0,0.0,0.0002
463,0.00021,0.6812,0.0,0.0,0.0,0.0,0.0,0.0,0.0,0.00016
464,0.0001,0.69173,0.0,0.0,0.0,0.0,0.0,0.0,0.0,0.00015
465,4e-05,0.70316,0.0,0.0,0.0,0.0,0.0,0.0,0.0,0.00017
466,3e-05,0.71233,0.0,0.0,0.0,0.0,0.0,0.0,0.0,0.0002
467,1e-05,0.72016,0.0,0.0,0.0,0.0,0.0,0.0,0.0,0.00029
468,1e-05,0.72509,0.0,0.0,0.0,0.0,0.0,0.0,0.0,0.0004
469,4e-05,0.72471,0.0,0.0,0.0,0.0,0.0,0.0,0.0,0.0006
470,2e-05,0.72492,0.0,0.0,0.0,0.0,0.0,0.0,0.0,0.00104
471,3e-05,0.72439,0.0,0.0,0.0,0.0,0.0,0.0,0.0,0.00197
472,2e-05,0.72452,0.0,0.0,0.0,0.0,0.0,0.0,0.0,0.00395
473,0.0,0.72742,0.0,0.0,0.0,0.0,0.0,0.0,0.0,0.00809
474,0.0,0.73752,0.0,0.0,0.0,0.0,0.0,0.0,0.0,0.0147
475,2e-05,0.75121,0.0,0.0,0.0,0.0,0.0,0.0,0.0,0.02302
476,0.0,0.76916,0.0,0.0,0.0,0.0,0.0,0.0,0.0,0.03224
477,2e-05,0.78729,0.0,0.0,0.0,0.0,0.0,0.0,0.0,0.04532
478,0.0,0.8052,0.0,0.0,0.0,0.0,0.0,0.0,0.0,0.06908
479,2e-05,0.82417,0.0,0.0,0.0,0.0,0.0,0.0,0.0,0.11437
480,0.0,0.83452,0.0,0.0,0.0,0.0,0.0,0.0,0.0,0.19273
481,0.0,0.84409,0.0,0.0,0.0,0.0,0.0,0.0,0.0,0.29555
482,2e-05,0.85321,0.0,0.0,0.0,0.0,0.0,0.0,0.0,0.36617
483,0.0,0.85862,0.0,0.0,0.0,0.0,0.0,0.0,0.0,0.37063
484,0.0,0.8676,0.0,0.0,0.0,0.0,0.0,0.0,0.0,0.33898
485,2e-05,0.87198,0.0,0.0,0.0,0.0,0.0,0.0,0.0,0.30672
486,2e-05,0.87556,0.0,0.0,0.0,0.0,0.0,0.0,0.0,0.29457
487,7e-05,0.87814,0.0,0.0,0.0,0.0,0.0,0.0,0.0,0.31019
488,0.0,0.88039,0.0,0.0,0.0,0.0,0.0,0.0,0.0,0.34952
489,0.0,0.87934,0.0,0.0,0.0,0.0,0.0,0.0,0.0,0.39698
490,2e-05,0.87749,0.0,0.0,0.0,0.0,0.0,0.0,0.0,0.42308
491,0.0,0.87441,0.0,0.0,0.0,0.0,0.0,0.0,0.0,0.41387
492,2e-05,0.87891,0.0,0.0,0.0,0.0,0.0,0.0,0.0,0.3983
493,0.0,0.88112,0.0,0.0,0.0,0.0,0.0,0.0,0.0,0.39453
494,0.0,0.8896,0.0,0.0,0.0,0.0,0.0,0.0,0.0,0.40177
495,0.0,0.89782,0.0,0.0,0.0,0.0,0.0,0.0,0.0,0.41136
496,0.0,0.9093,0.0,0.0,0.0,0.0,0.0,0.0,0.0,0.4096
497,0.0,0.9231,0.0,0.0,0.0,0.0,0.0,0.0,0.0,0.4052
498,0.0,0.93652,0.0,0.0,0.0,0.0,0.0,0.0,0.0,0.40955
499,0.0,0.9534,0.0,0.0,0.0,0.0,0.0,0.0,0.0,0.432
500,0.0,0.96872,6e-05,0.0,0.0,0.0,0.0,0.0,0.0,0.47119
501,0.0,0.97846,7e-05,0.0,0.0,0.0,0.0,0.0,0.0,0.50972
502,0.0,0.98377,9e-05,0.0,0.0,0.0,0.0,0.0,0.0,0.53379
503,0.0,0.98798,0.0001,0.0,0.0,0.0,0.0,0.0,0.0,0.54163
504,0.0,0.98831,0.00016,0.0,0.0,0.0,0.0,0.0,0.0,0.54133
505,0.0,0.9854,0.00022,0.0,0.0,0.0,0.0,0.0,0.0,0.54115
506,0.0,0.98426,0.00031,0.0,0.0,0.0,0.0,0.0,0.0,0.54048
507,0.0,0.99277,0.00042,0.0,0.0,0.0,0.0,0.0,0.0,0.53067
508,0.0,0.99912,0.0006,0.0,0.0,0.0,0.0,0.0,0.0,0.51015
509,0.0,1.0,0.00084,0.0,0.0,0.0,0.0,0.0,0.0,0.48883
510,0.0,0.968,0.00111,0.0,0.0,0.0,0.0,0.0,0.0,0.48042
511,0.0,0.88388,0.00143,0.0,0.0,0.0,0.0,0.0,0.0,0.49043
512,0.0,0.72901,0.00191,0.0,0.0,0.0,0.0,0.0,0.0,0.51575
513,0.0,0.54907,0.00234,0.0,0.0,0.0,0.0,0.0,0.0,0.54636
514,0.0,0.38372,0.00299,0.0,0.0,0.0,0.0,0.0,0.0,0.57019
515,0.0,0.26095,0.00379,0.0,0.0,0.0,0.0,0.0,0.0,0.58164
516,0.0,0.17493,0.00493,0.0,0.0,0.0,0.0,0.0,0.0,0.58556
517,0.0,0.12051,0.00676,0.0,0.0,0.0,0.0,0.0,0.0,0.58682
518,0.0,0.08465,0.00963,0.0,0.0,0.0,0.0,0.0,0.0,0.59395
519,0.0,0.06078,0.01413,0.0,0.0,0.0,0.0,0.0,0.0,0.59668
520,0.0,0.04416,0.02166,0.0,0.0,0.0,0.0,0.0,0.0,0.59176
521,0.0,0.03304,0.03329,0.0,0.0,0.0,0.0,0.0,0.0,0.58076
522,0.0,0.02508,0.0527,0.0,0.0,0.0,0.0,0.0,0.0,0.56983
523,0.0,0.01909,0.08222,0.0,0.0,0.0,0.0,0.0,0.0,0.56235
524,0.0,0.01471,0.12653,0.0,0.0,0.0,0.0,0.0,0.0,0.56869
525,0.0,0.01128,0.18246,0.0,0.0,0.0,0.0,0.0,0.0,0.58637
526,0.0,0.00873,0.25315,0.0,0.0,0.0,0.0,0.0,0.0,0.60697
527,0.0,0.00668,0.33383,0.0,0.0,0.0,0.0,0.0,0.0,0.6297
528,0.0,0.00502,0.42369,0.0,0.0,0.0,0.0,0.0,0.0,0.64545
529,0.0,0.00383,0.51961,0.0,0.0,0.0,0.0,0.0,0.0,0.6543
530,0.0,0.00288,0.61307,0.0,0.0,0.0,0.0,0.0,0.0,0.65559
531,0.0,0.00216,0.69206,0.0,0.0,0.0,0.0,0.0,0.0,0.65142
532,0.0,0.00162,0.74734,0.0,0.0,0.0,0.0,0.0,0.0,0.65008
533,0.0,0.00125,0.78427,0.0,0.0,0.0,0.0,0.0,0.0,0.64711
534,0.0,0.00099,0.80615,0.0,0.0,0.0,0.0,0.0,0.0,0.64155
535,0.0,0.00078,0.81964,0.0,0.0,0.0,0.0,0.0,0.0,0.64099
536,0.0,0.00059,0.83077,0.0,0.0,0.0,0.0,0.0,0.0,0.64155
537,0.0,0.00046,0.83893,0.0,0.0,0.0,0.0,0.0,0.0,0.64596
538,0.0,0.00035,0.84611,0.0,0.0,0.0,0.0,0.0,0.0,0.65644
539,0.0,0.0003,0.85127,0.0,0.0,0.0,0.0,0.0,0.0,0.67206
540,0.0,0.00023,0.8554,0.0,0.0,0.0,0.0,0.0,0.0,0.68972
541,0.0,0.00021,0.85825,0.0,0.0,0.0,0.0,0.0,0.0,0.70046
542,0.0,0.00014,0.85711,0.0,0.0,0.0,0.0,0.0,0.0,0.70618
543,0.0,0.00012,0.85607,0.0,0.0,0.0,0.0,0.0,0.0,0.69963
544,0.0,0.00011,0.85258,0.0,0.0,0.0,0.0,0.0,0.0,0.6859
545,0.0,0.0001,0.85019,0.0,0.0,0.0,0.0,0.0,0.0,0.66664
546,0.0,9e-05,0.84993,0.0,0.0,0.0,0.0,0.0,0.0,0.64612
547,0.0,8e-05,0.84812,0.0,0.0,0.0,0.0,0.0,0.0,0.62803
548,0.0,5e-05,0.85074,0.0,0.0,0.0,0.0,0.0,0.0,0.6172
549,0.0,5e-05,0.85392,0.0,0.0,0.0,0.0,0.0,0.0,0.61517
550,0.0,5e-05,0.8573,0.0,0.0,0.0,0.0,0.0,0.0,0.61946
551,0.0,2e-05,0.86113,0.0,0.0,0.0,0.0,0.0,0.0,0.62609
552,0.0,4e-05,0.86887,0.0,0.0,0.0,0.0,0.0,0.0,0.63774
553,0.0,4e-05,0.87774,0.0,0.0,0.0,0.0,0.0,0.0,0.65222
554,0.0,5e-05,0.88815,0.0,0.0,0.0,0.0,0.0,0.0,0.66604
555,0.0,2e-05,0.8969,0.0,0.0,0.0,0.0,0.0,0.0,0.67844
556,0.0,3e-05,0.90286,0.0,0.0,0.0,0.0,0.0,0.0,0.68779
557,0.0,2e-05,0.90407,0.0,0.0,0.0,0.0,0.0,0.0,0.69094
558,0.0,1e-05,0.90407,0.0,0.0,0.0,0.0,0.0,0.0,0.68812
559,0.0,2e-05,0.90389,0.0,0.0,0.0,0.0,0.0,0.0,0.67763
560,0.0,0.0,0.90618,0.0,0.0,0.0,0.0,0.0,0.0,0.66608
561,0.0,0.0,0.90787,0.0,0.0,0.0,0.0,0.0,0.0,0.65347
562,0.0,0.0,0.90849,0.0,0.0,0.0,0.0,0.0,0.0,0.64449
563,0.0,0.0,0.90949,0.0,0.0,0.0,0.0,0.0,0.0,0.64176
564,0.0,0.0,0.91082,0.0,0.0,0.0,0.0,0.0,0.0,0.64284
565,0.0,0.0,0.91263,0.0,0.0,0.0,0.0,0.0,0.0,0.64675
566,0.0,0.0,0.91389,0.0,0.0,0.0,0.0,0.0,0.0,0.65268
567,0.0,0.0,0.91521,0.0,0.0,0.0,0.0,0.0,0.0,0.65729
568,0.0,0.0,0.91836,0.0,0.0,0.0,0.0,0.0,0.0,0.66144
569,0.0,0.0,0.91772,0.0,0.0,0.0,0.0,0.0,0.0,0.66508
570,0.0,0.0,0.91696,0.0,0.0,0.0,0.0,0.0,0.0,0.67184
571,0.0,0.0,0.91492,0.0,0.0,0.0,0.0,0.0,0.0,0.67914
572,0.0,0.0,0.91721,0.0,0.0,0.0,0.0,0.0,0.0,0.68976
573,0.0,0.0,0.92045,0.0,0.0,0.0,0.0,0.0,0.0,0.7026
574,0.0,0.0,0.92582,0.0,0.0,0.0,0.0,0.0,0.0,0.71348
575,0.0,0.0,0.9329,0.0,0.0,0.0,0.0,0.0,0.0,0.72163
576,0.0,0.0,0.94443,0.0,0.0,0.0,0.0,0.0,0.0,0.72921
577,0.0,0.0,0.95132,1e-05,0.0,0.0,0.0,0.0,0.0,0.73354
578,0.0,0.0,0.95154,3e-05,0.0,0.0,0.0,0.0,0.0,0.74037
579,0.0,0.0,0.95563,4e-05,0.0,0.0,0.0,0.0,0.0,0.74644
580,0.0,0.0,0.95369,4e-05,0.0,0.0,0.0,0.0,0.0,0.75287
581,0.0,0.0,0.95866,3e-05,0.0,0.0,0.0,0.0,0.0,0.76139
582,0.0,0.0,0.9639,4e-05,0.0,0.0,0.0,0.0,0.0,0.76641
583,0.0,0.0,0.96879,4e-05,0.0,0.0,0.0,0.0,0.0,0.7709
584,0.0,0.0,0.97226,3e-05,0.0,0.0,0.0,0.0,0.0,0.7736
585,0.0,0.0,0.97166,3e-05,0.0,0.0,0.0,0.0,0.0,0.77717
586,0.0,0.0,0.96948,3e-05,0.0,0.0,0.0,0.0,0.0,0.7825
587,0.0,0.0,0.96714,4e-05,0.0,0.0,0.0,0.0,0.0,0.78864
588,0.0,0.0,0.96326,4e-05,0.0,0.0,0.0,0.0,0.0,0.79972
589,0.0,0.0,0.96344,4e-05,0.0,0.0,0.0,0.0,0.0,0.80318
590,0.0,0.0,0.96763,4e-05,0.0,0.0,0.0,0.0,0.0,0.80863
591,0.0,0.0,0.97323,5e-05,0.0,0.0,0.0,0.0,0.0,0.80607
592,0.0,0.0,0.98217,7e-05,0.0,0.0,0.0,0.0,0.0,0.80246
593,0.0,0.0,0.99015,9e-05,0.0,0.0,0.0,0.0,0.0,0.79902
594,0.0,0.0,0.9947,0.00011,0.0,0.0,0.0,0.0,0.0,0.79771
595,0.0,0.0,0.99949,0.00014,0.0,0.0,0.0,0.0,0.0,0.80144
596,0.0,0.0,1.00009,0.00019,0.0,0.0,0.0,0.0,0.0,0.80957
597,0.0,0.0,0.99433,0.00023,0.0,0.0,0.0,0.0,0.0,0.8243
598,0.0,0.0,0.97685,0.00031,0.0,0.0,0.0,0.0,0.0,0.83593
599,0.0,0.0,0.93763,0.00043,0.0,0.0,0.0,0.0,0.0,0.84763
600,0.0,0.0,0.86768,0.00054,0.0,0.0,0.0,0.0,0.0,0.85393
601,0.0,0.0,0.76963,0.00072,0.0,0.0,0.0,0.0,0.0,0.85837
602,0.0,0.0,0.64506,0.00087,0.0,0.0,0.0,0.0,0.0,0.85788
603,0.0,0.0,0.52314,0.001,0.0,0.0,0.0,0.0,0.0,0.85911
604,0.0,0.0,0.4083,0.0011,0.0,0.0,0.0,0.0,0.0,0.86135
605,0.0,0.0,0.31429,0.0012,0.0,0.0,0.0,0.0,0.0,0.8665
606,0.0,0.0,0.23953,0.00131,0.0,0.0,0.0,0.0,0.0,0.87082
607,0.0,0.0,0.18306,0.00143,0.0,0.0,0.0,0.0,0.0,0.86974
608,0.0,0.0,0.14002,0.00158,0.0,0.0,0.0,0.0,0.0,0.86664
609,0.0,0.0,0.10708,0.00183,0.0,0.0,0.0,0.0,0.0,0.85922
610,0.0,0.0,0.08244,0.00221,0.0,0.0,0.0,0.0,0.0,0.85146
611,0.0,0.0,0.06265,0.00261,0.0,0.0,0.0,0.0,0.0,0.84347
612,0.0,0.0,0.04782,0.00323,0.0,0.0,0.0,0.0,0.0,0.84138
613,0.0,0.0,0.0353,0.00406,0.0,0.0,0.0,0.0,0.0,0.84883
614,0.0,0.0,0.02565,0.00524,0.0,0.0,0.0,0.0,0.0,0.85749
615,0.0,0.0,0.0182,0.00696,0.0,0.0,0.0,0.0,0.0,0.87106
616,0.0,0.0,0.01282,0.00941,0.0,0.0,0.0,0.0,0.0,0.88417
617,0.0,0.0,0.00901,0.01278,0.0,0.0,0.0,0.0,0.0,0.89491
618,0.0,0.0,0.00626,0.01759,0.0,0.0,0.0,0.0,0.0,0.90017
619,0.0,0.0,0.00432,0.02448,0.0,0.0,0.0,0.0,0.0,0.90109
620,0.0,0.0,0.00292,0.03337,0.0,0.0,0.0,0.0,0.0,0.90273
621,0.0,0.0,0.00207,0.0455,0.0,0.0,0.0,0.0,0.0,0.90351
622,0.0,0.0,0.00147,0.06016,0.0,0.0,0.0,0.0,0.0,0.9072
623,0.0,0.0,0.00102,0.0793,0.0,0.0,0.0,0.0,0.0,0.91298
624,0.0,0.0,0.00075,0.10217,0.0,0.0,0.0,0.0,0.0,0.91871
625,0.0,0.0,0.00059,0.13175,0.0,0.0,0.0,0.0,0.0,0.92525
626,0.0,0.0,0.00044,0.16791,0.0,0.0,0.0,0.0,0.0,0.9266
627,0.0,0.0,0.00034,0.21572,0.0,0.0,0.0,0.0,0.0,0.92259
628,0.0,0.0,0.00026,0.27544,0.0,0.0,0.0,0.0,0.0,0.91491
629,0.0,0.0,0.00021,0.35354,0.0,0.0,0.0,0.0,0.0,0.90655
630,0.0,0.0,0.00017,0.44384,0.0,0.0,0.0,0.0,0.0,0.89971
631,0.0,0.0,0.0,0.54546,0.0,0.0,0.0,0.0,0.0,0.89732
632,0.0,0.0,0.0,0.64489,0.0,0.0,0.0,0.0,0.0,0.89993
633,0.0,0.0,0.0,0.73004,0.0,0.0,0.0,0.0,0.0,0.91063
634,0.0,0.0,0.0,0.79863,0.0,0.0,0.0,0.0,0.0,0.92393
635,0.0,0.0,0.0,0.83734,0.0,0.0,0.0,0.0,0.0,0.93691
636,0.0,0.0,0.0,0.85565,0.0,0.0,0.0,0.0,0.0,0.95009
637,0.0,0.0,0.0,0.86014,0.0,0.0,0.0,0.0,0.0,0.95519
638,0.0,0.0,0.0,0.85607,0.0,0.0,0.0,0.0,0.0,0.95862
639,0.0,0.0,0.0,0.85171,0.0,0.0,0.0,0.0,0.0,0.96003
640,0.0,0.0,0.0,0.84349,0.0,0.0,0.0,0.0,0.0,0.96305
641,0.0,0.0,0.0,0.84554,0.0,0.0,0.0,0.0,0.0,0.96282
642,0.0,0.0,0.0,0.85532,0.0,0.0,0.0,0.0,0.0,0.96433
643,0.0,0.0,0.0,0.86361,0.0,0.0,0.0,0.0,0.0,0.96907
644,0.0,0.0,0.0,0.88001,0.0,0.0,0.0,0.0,0.0,0.96909
645,0.0,0.0,0.0,0.896,0.0,0.0,0.0,0.0,0.0,0.96505
646,0.0,0.0,0.0,0.90471,0.0,0.0,0.0,0.0,0.0,0.96173
647,0.0,0.0,0.0,0.91358,0.0,0.0,0.0,0.0,0.0,0.95182
648,0.0,0.0,0.0,0.92119,0.0,0.0,0.0,0.0,0.0,0.94484
649,0.0,0.0,0.0,0.92226,0.0,0.0,0.0,0.0,0.0,0.93534
650,0.0,0.0,0.0,0.9271,0.0,0.0,0.0,0.0,0.0,0.93579
651,0.0,0.0,0.0,0.93298,0.0,0.0,0.0,0.0,0.0,0.94039
652,0.0,0.0,0.0,0.93059,0.0,0.0,0.0,0.0,0.0,0.95425
653,0.0,0.0,0.0,0.9371,0.0,0.0,0.0,0.0,0.0,0.9693
654,0.0,0.0,0.0,0.92905,0.0,0.0,0.0,0.0,0.0,0.98034
655,0.0,0.0,0.0,0.92086,0.0,0.0,0.0,0.0,0.0,0.991
656,0.0,0.0,0.0,0.90809,0.0,0.0,0.0,0.0,0.0,1.0
657,0.0,0.0,0.0,0.89671,0.0,0.0,0.0,0.0,0.0,0.99738
658,0.0,0.0,0.0,0.889,0.0,0.0,0.0,0.0,0.0,0.99197
659,0.0,0.0,0.0,0.88949,0.0,0.0,0.0,0.0,0.0,0.98417
660,0.0,0.0,0.0,0.89394,0.0,0.0,0.0,0.0,0.0,0.97323
661,0.0,0.0,0.0,0.90559,0.0,0.0,0.0,0.0,0.0,0.96243
662,0.0,0.0,0.0,0.92354,0.0,0.0,0.0,0.0,0.0,0.94622
663,0.0,0.0,0.0,0.93587,0.0,0.0,0.0,0.0,0.0,0.92725
664,0.0,0.0,0.0,0.94358,0.0,0.0,0.0,0.0,0.0,0.90348
665,0.0,0.0,0.0,0.94627,0.0,0.0,0.0,0.0,0.0,0.87391
666,0.0,0.0,0.0,0.94172,0.0,0.0,0.0,0.0,0.0,0.84001
667,0.0,0.0,0.0,0.93366,0.0,0.0,0.0,0.0,0.0,0.81078
668,0.0,0.0,0.0,0.9246,0.0,0.0,0.0,0.0,0.0,0.78992
669,0.0,0.0,0.0,0.92369,0.0,0.0,0.0,0.0,0.0,0.78176
670,0.0,0.0,0.0,0.92638,0.0,0.0,0.0,0.0,0.0,0.79121
671,0.0,0.0,0.0,0.93358,0.0,0.0,0.0,0.0,0.0,0.82587
672,0.0,0.0,0.0,0.9479,0.0,0.0,0.0,0.0,0.0,0.87759
673,0.0,0.0,0.0,0.96099,0.0,0.0,0.0,0.0,0.0,0.9253
674,0.0,0.0,0.0,0.97228,0.0,0.0,0.0,0.0,0.0,0.9129
675,0.0,0.0,0.0,0.97591,0.0,0.0,0.0,0.0,0.0,0.78159
676,0.0,0.0,0.0,0.97022,0.0,0.0,0.0,0.0,0.0,0.56647
677,0.0,0.0,0.0,0.96448,0.0,0.0,0.0,0.0,0.0,0.36547
678,0.0,0.0,0.0,0.95961,0.0,0.0,0.0,0.0,0.0,0.22298
679,0.0,0.0,0.0,0.95992,0.0,0.0,0.0,0.0,0.0,0.13749
680,0.0,0.0,0.0,0.96566,0.0,0.0,0.0,0.0,0.0,0.08821
681,0.0,0.0,0.0,0.97469,0.0,0.0,0.0,0.0,0.0,0.05754
682,0.0,0.0,0.0,0.98972,0.0,0.0,0.0,0.0,0.0,0.03915
683,0.0,0.0,0.0,0.99998,0.0,0.0,0.0,0.0,0.0,0.02721
684,0.0,0.0,0.0,0.99968,0.0,0.0,0.0,0.0,0.0,0.01999
685,0.0,0.0,0.0,0.97325,0.0,0.0,0.0,0.0,0.0,0.01494
686,0.0,0.0,0.0,0.91412,0.0,0.0,0.0,0.0,0.0,0.01145
687,0.0,0.0,0.0,0.80932,0.0,0.0,0.0,0.0,0.0,0.00888
688,0.0,0.0,0.0,0.66334,0.0,0.0,0.0,0.0,0.0,0.0072
689,0.0,0.0,0.0,0.50773,0.0,0.0,0.0,0.0,0.0,0.0059
690,0.0,0.0,0.0,0.35971,0.0,0.0,0.0,0.0,0.0,0.00488
691,0.0,0.0,0.0,0.24415,0.0,0.0,0.0,0.0,0.0,0.00419
692,0.0,0.0,0.0,0.163,0.0,0.0,0.0,0.0,0.0,0.00359
693,0.0,0.0,0.0,0.1075,0.0,0.0,0.0,0.0,0.0,0.00321
694,0.0,0.0,0.0,0.07135,0.0,0.0,0.0,0.0,0.0,0.00301
695,0.0,0.0,0.0,0.04828,0.0,0.0,0.0,0.0,0.0,0.00266
696,0.0,0.0,0.0,0.03305,0.0,0.0,0.0,0.0,0.0,0.00245
697,0.0,0.0,0.0,0.02307,0.0,0.0,0.0,0.0,0.0,0.00237
698,0.0,0.0,0.0,0.01653,0.0,0.0,0.0,0.0,0.0,0.00226
699,0.0,0.0,0.0,0.01183,0.0,0.0,0.0,0.0,0.0,0.00203
700,0.0,0.0,0.0,0.00889,0.0,0.0,0.0,0.0,0.0,0.00194
701,0.0,0.0,0.0,0.0067,0.0,0.0,0.0,0.0,0.0,0.00169
702,0.0,0.0,0.0,0.00503,0.0,0.0,0.0,0.0,0.0,0.00146
703,0.0,0.0,0.0,0.00392,0.0,0.0,0.0,0.0,0.0,0.00121
704,0.0,0.0,0.0,0.00308,0.0,0.0,0.0,0.0,0.0,0.00094
705,0.0,0.0,0.0,0.00245,0.0,0.0,0.0,0.0,0.0,0.00067
706,0.0,0.0,0.0,0.00192,0.0,0.0,0.0,0.0,0.0,0.00048
707,0.0,0.0,0.0,0.00161,0.0,0.0,0.0,0.0,0.0,0.00029
708,0.0,0.0,0.0,0.00125,0.0,0.0,0.0,0.0,0.0,0.00022
709,0.0,0.0,0.0,0.00103,0.0,0.0,0.0,0.0,0.0,0.00012
710,0.0,0.0,0.0,0.00082,0.0,0.0,0.0,0.0,0.0,4e-05
711,0.0,0.0,0.0,0.00071,0.0,0.0,0.0,0.0,0.0,3e-05
712,0.0,0.0,0.0,0.00063,0.0,0.0,0.0,0.0,0.0,0.0
713,0.0,0.0,0.0,0.00053,0.0,0.0,0.0,0.0,0.0,0.0
714,0.0,0.0,0.0,0.00043,0.0,0.0,0.0,0.0,0.0,0.0
715,0.0,0.0,0.0,0.00037,0.0,0.0,0.0,0.0,0.0,0.0
716,0.0,0.0,0.0,0.00032,0.0,0.0,0.0,0.0,0.0,0.0
717,0.0,0.0,0.0,0.00024,0.0,0.0,0.0,0.0,0.0,0.0
718,0.0,0.0,0.0,0.0002,0.0,0.0,0.0,0.0,0.0,0.0
719,0.0,0.0,0.0,0.00018,0.0,0.0,0.0,0.0,0.0,0.0
720,0.0,0.0,0.0,0.00016,0.0,0.0,0.0,0.0,0.0,0.0
721,0.0,0.0,0.0,0.00015,0.0,0.0,0.0,0.0,0.0,0.0
722,0.0,0.0,0.0,0.00012,0.0,0.0,0.0,0.0,0.0,0.0
723,0.0,0.0,0.0,0.0001,0.0,0.0,0.0,0.0,0.0,0.0
724,0.0,0.0,0.0,9e-05,0.0,0.0,0.0,0.0,0.0,0.0
725,0.0,0.0,0.0,4e-05,0.0,0.0,0.0,0.0,0.0,0.0
726,0.0,0.0,0.0,4e-05,0.0,0.0,0.0,0.0,0.0,0.0
727,0.0,0.0,0.0,5e-05,0.0,0.0,0.0,0.0,0.0,0.0
728,0.0,0.0,0.0,1e-05,0.0,0.0,0.0,0.0,0.0,0.0
729,0.0,0.0,0.0,2e-05,0.0,0.0,0.0,0.0,0.0,0.0
730,0.0,0.0,0.0,3e-05,0.0,0.0,0.0,0.0,0.0,0.0
731,0.0,0.0,0.0,0.0,0.0,0.0,0.0,0.0,0.0,0.0
732,0.0,0.0,0.0,2e-05,0.0,0.0,0.0,0.0,0.0,0.0
733,0.0,0.0,0.0,2e-05,0.0,0.0,0.0,0.0,0.0,0.0
734,0.0,0.0,0.0,0.0,0.0,0.0,0.0,0.0,0.0,0.0
735,0.0,0.0,0.0,0.0,0.0,0.0,0.0,0.0,0.0,0.0
736,0.0,0.0,0.0,0.0,0.0,0.0,0.0,0.0,0.0,0.0
737,0.0,0.0,0.0,2e-05,0.0,0.0,0.0,0.0,0.0,0.0
738,0.0,0.0,0.0,2e-05,0.0,0.0,0.0,0.0,0.0,0.0
739,0.0,0.0,0.0,0.0,0.0,0.0,0.0,0.0,0.0,0.0
740,0.0,0.0,0.0,0.0,0.0,0.0,0.0,0.0,0.0,0.0
750,0.0,0.0,0.0,0.0,0.00018,0.0,0.0,0.0,0.0,0.0
751,0.0,0.0,0.0,0.0,0.00015,0.0,0.0,0.0,0.0,0.0
752,0.0,0.0,0.0,0.0,0.00014,0.0,0.0,0.0,0.0,0.0
753,0.0,0.0,0.0,0.0,0.00018,0.0,0.0,0.0,0.0,0.0
754,0.0,0.0,0.0,0.0,0.0002,0.0,0.0,0.0,0.0,0.0
755,0.0,0.0,0.0,0.0,0.00027,0.0,0.0,0.0,0.0,0.0
756,0.0,0.0,0.0,0.0,0.0004,0.0,0.0,0.0,0.0,0.0
757,0.0,0.0,0.0,0.0,0.00055,0.0,0.0,0.0,0.0,0.0
758,0.0,0.0,0.0,0.0,0.00073,0.0,0.0,0.0,0.0,0.0
759,0.0,0.0,0.0,0.0,0.00108,0.0,0.0,0.0,0.0,0.0
760,0.0,0.0,0.0,0.0,0.0015,0.0,0.0,0.0,0.0,0.0
761,0.0,0.0,0.0,0.0,0.00217,0.0,0.0,0.0,0.0,0.0
762,0.0,0.0,0.0,0.0,0.00312,0.0,0.0,0.0,0.0,0.0
763,0.0,0.0,0.0,0.0,0.00493,0.0,0.0,0.0,0.0,0.0
764,0.0,0.0,0.0,0.0,0.00725,0.0,0.0,0.0,0.0,0.0
765,0.0,0.0,0.0,0.0,0.01135,0.0,0.0,0.0,0.0,0.0
766,0.0,0.0,0.0,0.0,0.01701,0.0,0.0,0.0,0.0,0.0
767,0.0,0.0,0.0,0.0,0.02492,0.0,0.0,0.0,0.0,0.0
768,0.0,0.0,0.0,0.0,0.036,0.0,0.0,0.0,0.0,0.0
769,0.0,0.0,0.0,0.0,0.05093,0.0,0.0,0.0,0.0,0.0
770,0.0,0.0,0.0,0.0,0.07174,0.0,0.0,0.0,0.0,0.0
771,0.0,0.0,0.0,0.0,0.10145,0.0,0.0,0.0,0.0,0.0
772,0.0,0.0,0.0,0.0,0.14875,0.0,0.0,0.0,0.0,0.0
773,0.0,0.0,0.0,0.0,0.22369,0.0,0.0,0.0,0.0,0.0
774,0.0,0.0,0.0,0.0,0.34435,0.0,0.0,0.0,0.0,0.0
775,0.0,0.0,0.0,0.0,0.51863,0.0,0.0,0.0,0.0,0.0
776,0.0,0.0,0.0,0.0,0.72925,0.0,0.0,0.0,0.0,0.0
777,0.0,0.0,0.0,0.0,0.90468,0.0,0.0,0.0,0.0,0.0
778,0.0,0.0,0.0,0.0,0.98523,0.0,0.0,0.0,0.0,0.0
779,0.0,0.0,0.0,0.0,1.0,0.0,0.0,0.0,0.0,0.0
780,0.0,0.0,0.0,0.0,0.99355,0.0,0.0,0.0,0.0,0.0
781,0.0,0.0,0.0,0.0,0.98928,0.0,0.0,0.0,0.0,0.0
782,0.0,0.0,0.0,0.0,0.98333,0.0,0.0,0.0,0.0,0.0
783,0.0,0.0,0.0,0.0,0.98836,0.0,0.0,0.0,0.0,0.0
784,0.0,0.0,0.0,0.0,0.98918,0.0,0.0,0.0,0.0,0.0
785,0.0,0.0,0.0,0.0,0.99286,0.0,0.0,0.0,0.0,0.0
786,0.0,0.0,0.0,0.0,0.99384,0.0,0.0,0.0,0.0,0.0
787,0.0,0.0,0.0,0.0,0.99177,0.0,0.0,0.0,0.0,0.0
788,0.0,0.0,0.0,0.0,0.98929,0.0,0.0,0.0,0.0,0.0
789,0.0,0.0,0.0,0.0,0.99566,0.0,0.0,0.0,0.0,0.0
790,0.0,0.0,0.0,0.0,0.99487,0.0,0.0,0.0,0.0,0.0
791,0.0,0.0,0.0,0.0,0.99191,0.0,0.0,0.0,0.0,0.0
792,0.0,0.0,0.0,0.0,0.9871,0.0,0.0,0.0,0.0,0.0
793,0.0,0.0,0.0,0.0,0.97841,0.0,0.0,0.0,0.0,0.0
794,0.0,0.0,0.0,0.0,0.97103,0.0,0.0,0.0,0.0,0.0
795,0.0,0.0,0.0,0.0,0.96383,0.0,0.0,0.0,0.0,0.0
796,0.0,0.0,0.0,0.0,0.95439,0.0,0.0,0.0,0.0,0.0
797,0.0,0.0,0.0,0.0,0.95076,0.0,0.0,0.0,0.0,0.0
798,0.0,0.0,0.0,0.0,0.9507,0.0,0.0,0.0,0.0,0.0
799,0.0,0.0,0.0,0.0,0.96036,0.0,0.0,0.0,0.0,0.0
800,0.0,0.0,0.0,0.0,0.96334,0.0,0.0,0.0,0.0,0.0
801,0.0,0.0,0.0,0.0,0.95443,2e-05,0.0,0.0,0.0,0.0
802,0.0,0.0,0.0,0.0,0.92595,1e-05,0.0,0.0,0.0,0.0
803,0.0,0.0,0.0,0.0,0.86804,0.0,0.0,0.0,0.0,0.0
804,0.0,0.0,0.0,0.0,0.7657,2e-05,0.0,0.0,0.0,0.0
805,0.0,0.0,0.0,0.0,0.61815,4e-05,0.0,0.0,0.0,0.0
806,0.0,0.0,0.0,0.0,0.4349,2e-05,0.0,0.0,0.0,0.0
807,0.0,0.0,0.0,0.0,0.27562,4e-05,0.0,0.0,0.0,0.0
808,0.0,0.0,0.0,0.0,0.16107,2e-05,0.0,0.0,0.0,0.0
809,0.0,0.0,0.0,0.0,0.09372,5e-05,0.0,0.0,0.0,0.0
810,0.0,0.0,0.0,0.0,0.05492,4e-05,0.0,0.0,0.0,0.0
811,0.0,0.0,0.0,0.0,0.03439,5e-05,0.0,0.0,0.0,0.0
812,0.0,0.0,0.0,0.0,0.02246,4e-05,0.0,0.0,0.0,0.0
813,0.0,0.0,0.0,0.0,0.01563,6e-05,0.0,0.0,0.0,0.0
814,0.0,0.0,0.0,0.0,0.0114,6e-05,0.0,0.0,0.0,0.0
815,0.0,0.0,0.0,0.0,0.00862,7e-05,0.0,0.0,0.0,0.0
816,0.0,0.0,0.0,0.0,0.00691,9e-05,0.0,0.0,0.0,0.0
817,0.0,0.0,0.0,0.0,0.00582,9e-05,0.0,0.0,0.0,0.0
818,0.0,0.0,0.0,0.0,0.00488,0.00013,0.0,0.0,0.0,0.0
819,0.0,0.0,0.0,0.0,0.0042,0.00014,0.0,0.0,0.0,0.0
820,0.0,0.0,0.0,0.0,0.00351,0.00017,0.0,0.0,0.0,0.0
821,0.0,0.0,0.0,0.0,0.00291,0.00021,0.0,0.0,0.0,0.0
822,0.0,0.0,0.0,0.0,0.00235,0.00026,0.0,0.0,0.0,0.0
823,0.0,0.0,0.0,0.0,0.00189,0.00031,0.0,0.0,0.0,0.0
824,0.0,0.0,0.0,0.0,0.00143,0.0004,0.0,0.0,0.0,0.0
825,0.0,0.0,0.0,0.0,0.00116,0.00051,0.0,0.0,0.0,0.0
826,0.0,0.0,0.0,0.0,0.00085,0.00062,0.0,0.0,0.0,0.0
827,0.0,0.0,0.0,0.0,0.0007,0.00082,0.0,0.0,0.0,0.0
828,0.0,0.0,0.0,0.0,0.00058,0.00106,0.0,0.0,0.0,0.0
829,0.0,0.0,0.0,0.0,0.00053,0.00143,0.0,0.0,0.0,0.0
830,0.0,0.0,0.0,0.0,0.00047,0.0019,0.0,0.0,0.0,0.0
831,0.0,0.0,0.0,0.0,0.00034,0.00252,0.0,0.0,0.0,0.0
832,0.0,0.0,0.0,0.0,0.0003,0.00351,0.0,0.0,0.0,0.0
833,0.0,0.0,0.0,0.0,0.00024,0.00488,0.0,0.0,0.0,0.0
834,0.0,0.0,0.0,0.0,0.00016,0.00693,0.0,0.0,0.0,0.0
835,0.0,0.0,0.0,0.0,0.00012,0.01027,0.0,0.0,0.0,0.0
836,0.0,0.0,0.0,0.0,7e-05,0.01541,0.0,0.0,0.0,0.0
837,0.0,0.0,0.0,0.0,6e-05,0.02366,0.0,0.0,0.0,0.0
838,0.0,0.0,0.0,0.0,2e-05,0.03771,0.0,0.0,0.0,0.0
839,0.0,0.0,0.0,0.0,0.0,0.0607,0.0,0.0,0.0,0.0
840,0.0,0.0,0.0,0.0,0.0,0.09974,0.0,0.0,0.0,0.0
841,0.0,0.0,0.0,0.0,0.0,0.16736,0.0,0.0,0.0,0.0
842,0.0,0.0,0.0,0.0,0.0,0.28099,0.0,0.0,0.0,0.0
843,0.0,0.0,0.0,0.0,0.0,0.44911,0.0,0.0,0.0,0.0
844,0.0,0.0,0.0,0.0,0.0,0.65757,0.0,0.0,0.0,0.0
845,0.0,0.0,0.0,0.0,0.0,0.8497,0.0,0.0,0.0,0.0
846,0.0,0.0,0.0,0.0,0.0,0.96108,0.0,0.0,0.0,0.0
847,0.0,0.0,0.0,0.0,0.0,0.99613,0.0,0.0,0.0,0.0
848,0.0,0.0,0.0,0.0,0.0,0.9997,0.0,0.0,0.0,0.0
849,0.0,0.0,0.0,0.0,0.0,0.99172,0.0,0.0,0.0,0.0
850,0.0,0.0,0.0,0.0,0.0,0.98548,0.0,0.0,0.0,0.0
851,0.0,0.0,0.0,0.0,0.0,0.98814,0.0,0.0,0.0,0.0
852,0.0,0.0,0.0,0.0,0.0,0.9932,0.0,0.0,0.0,0.0
853,0.0,0.0,0.0,0.0,0.0,0.99655,0.0,0.0,0.0,0.0
854,0.0,0.0,0.0,0.0,0.0,1.0,0.0,0.0,0.0,0.0
855,0.0,0.0,0.0,0.0,0.0,0.99721,0.0,0.0,0.0,0.0
856,0.0,0.0,0.0,0.0,0.0,0.99146,0.0,0.0,0.0,0.0
857,0.0,0.0,0.0,0.0,0.0,0.9893,0.0,0.0,0.0,0.0
858,0.0,0.0,0.0,0.0,0.0,0.98107,0.0,0.0,0.0,0.0
859,0.0,0.0,0.0,0.0,0.0,0.97739,0.0,0.0,0.0,0.0
860,0.0,0.0,0.0,0.0,0.0,0.97231,0.0,0.0,0.0,0.0
861,0.0,0.0,0.0,0.0,0.0,0.9726,0.0,0.0,0.0,0.0
862,0.0,0.0,0.0,0.0,0.0,0.97077,0.0,0.0,0.0,0.0
863,0.0,0.0,0.0,0.0,0.0,0.97435,0.0,0.0,0.0,0.0
864,0.0,0.0,0.0,0.0,0.0,0.96801,0.0,0.0,0.0,0.0
865,0.0,0.0,0.0,0.0,0.0,0.96842,0.0,0.0,0.0,0.0
866,0.0,0.0,0.0,0.0,0.0,0.96663,0.0,0.0,0.0,0.0
867,0.0,0.0,0.0,0.0,0.0,0.95686,0.0,0.0,0.0,0.0
868,0.0,0.0,0.0,0.0,0.0,0.95986,0.0,0.0,0.0,0.0
869,0.0,0.0,0.0,0.0,0.0,0.94339,0.0,0.0,0.0,0.0
870,0.0,0.0,0.0,0.0,0.0,0.93157,0.0,0.0,0.0,0.0
871,0.0,0.0,0.0,0.0,0.0,0.92832,0.0,0.0,0.0,0.0
872,0.0,0.0,0.0,0.0,0.0,0.92322,0.0,0.0,0.0,0.0
873,0.0,0.0,0.0,0.0,0.0,0.91609,0.0,0.0,0.0,0.0
874,0.0,0.0,0.0,0.0,0.0,0.91985,0.0,0.0,0.0,0.0
875,0.0,0.0,0.0,0.0,0.0,0.91582,0.0,0.0,0.0,0.0
876,0.0,0.0,0.0,0.0,0.0,0.91916,0.0,0.0,0.0,0.0
877,0.0,0.0,0.0,0.0,0.0,0.91088,0.0,0.0,0.0,0.0
878,0.0,0.0,0.0,0.0,0.0,0.90749,0.0,0.0,0.0,0.0
879,0.0,0.0,0.0,0.0,0.0,0.81349,0.0,0.0,0.0,0.0
880,0.0,0.0,0.0,0.0,0.0,0.88573,0.0,0.0,0.0,0.0
881,0.0,0.0,0.0,0.0,0.0,0.87418,0.0,0.0,0.0,0.0
882,0.0,0.0,0.0,0.0,0.0,0.86148,0.0,0.0,0.0,0.0
883,0.0,0.0,0.0,0.0,0.0,0.84307,0.0,0.0,0.0,0.0
884,0.0,0.0,0.0,0.0,0.0,0.81707,0.0,0.0,0.0,0.0
885,0.0,0.0,0.0,0.0,0.0,0.77645,0.0,0.0,0.0,0.0
886,0.0,0.0,0.0,0.0,0.0,0.72258,0.0,0.0,0.0,0.0
887,0.0,0.0,0.0,0.0,0.0,0.65382,0.0,0.0,0.0,0.0
888,0.0,0.0,0.0,0.0,0.0,0.56468,0.0,0.0,0.0,0.0
889,0.0,0.0,0.0,0.0,0.0,0.46442,0.0,0.0,0.0,0.0
890,0.0,0.0,0.0,0.0,0.0,0.36796,0.0,0.0,0.0,0.0
891,0.0,0.0,0.0,0.0,0.0,0.27361,0.0,0.0,0.0,0.0
892,0.0,0.0,0.0,0.0,0.0,0.19381,0.0,0.0,0.0,0.0
893,0.0,0.0,0.0,0.0,0.0,0.13567,0.0,0.0,0.0,0.0
894,0.0,0.0,0.0,0.0,0.0,0.09122,0.0,0.0,0.0,0.0
895,0.0,0.0,0.0,0.0,0.0,0.06098,0.0,0.0,0.0,0.0
896,0.0,0.0,0.0,0.0,0.0,0.04167,0.0,0.0,0.0,0.0
897,0.0,0.0,0.0,0.0,0.0,0.02872,0.0,0.0,0.0,0.0
898,0.0,0.0,0.0,0.0,0.0,0.01965,0.0,0.0,0.0,0.0
899,0.0,0.0,0.0,0.0,0.0,0.01412,0.0,0.0,0.0,0.0
900,0.0,0.0,0.0,0.0,0.0,0.01008,0.0,0.0,0.0,0.0
901,0.0,0.0,0.0,0.0,0.0,0.00745,0.0,0.0,0.0,0.0
902,0.0,0.0,0.0,0.0,0.0,0.00575,0.0,0.0,0.0,0.0
903,0.0,0.0,0.0,0.0,0.0,0.00411,0.0,0.0,0.0,0.0
904,0.0,0.0,0.0,0.0,0.0,0.00326,0.0,0.0,0.0,0.0
905,0.0,0.0,0.0,0.0,0.0,0.00263,0.0,0.0,0.0,0.0
906,0.0,0.0,0.0,0.0,0.0,0.00211,0.0,0.0,0.0,0.0
907,0.0,0.0,0.0,0.0,0.0,0.0016,0.0,0.0,0.0,0.0
908,0.0,0.0,0.0,0.0,0.0,0.00135,0.0,0.0,0.0,0.0
909,0.0,0.0,0.0,0.0,0.0,0.00106,0.0,0.0,0.0,0.0
910,0.0,0.0,0.0,0.0,0.0,0.00079,0.0,0.0,0.0,0.0
911,0.0,0.0,0.0,0.0,0.0,0.00073,0.0,0.0,0.0,0.0
912,0.0,0.0,0.0,0.0,0.0,0.0008,0.0,0.0,0.0,0.0
913,0.0,0.0,0.0,0.0,0.0,0.00031,0.0,0.0,0.0,0.0
914,0.0,0.0,0.0,0.0,0.0,0.00049,0.0,0.0,0.0,0.0
915,0.0,0.0,0.0,0.0,0.0,0.00051,0.0,0.0,0.0,0.0
916,0.0,0.0,0.0,0.0,0.0,0.00052,0.0,0.0,0.0,0.0
917,0.0,0.0,0.0,0.0,0.0,0.00045,0.0,0.0,0.0,0.0
918,0.0,0.0,0.0,0.0,0.0,0.00024,0.0,0.0,0.0,0.0
919,0.0,0.0,0.0,0.0,0.0,0.00014,0.0,0.0,0.0,0.0
920,0.0,0.0,0.0,0.0,0.0,0.00026,0.0,0.0,0.0,0.0
921,0.0,0.0,0.0,0.0,0.0,0.00025,0.0,0.0,0.0,0.0
922,0.0,0.0,0.0,0.0,0.0,0.00028,0.0,0.0,0.0,0.0
923,0.0,0.0,0.0,0.0,0.0,0.00012,0.0,0.0,0.0,0.0
924,0.0,0.0,0.0,0.0,0.0,0.00016,0.0,0.0,0.0,0.0
925,0.0,0.0,0.0,0.0,0.0,0.00018,0.0,0.0,0.0,0.0
926,0.0,0.0,0.0,0.0,0.0,0.00022,0.0,0.0,0.0,0.0
927,0.0,0.0,0.0,0.0,0.0,4e-05,0.0,0.0,0.0,0.0
928,0.0,0.0,0.0,0.0,0.0,0.00018,0.0,0.0,0.0,0.0
929,0.0,0.0,0.0,0.0,0.0,0.00011,0.0,0.0,0.0,0.0
930,0.0,0.0,0.0,0.0,0.0,0.00026,0.0,0.0,0.0,0.0
931,0.0,0.0,0.0,0.0,0.0,5e-05,0.0,0.0,0.0,0.0
932,0.0,0.0,0.0,0.0,0.0,0.00017,0.0,0.0,0.0,0.0
933,0.0,0.0,0.0,0.0,0.0,0.00016,0.0,0.0,0.0,0.0
934,0.0,0.0,0.0,0.0,0.0,0.00033,0.0,0.0,0.0,0.0
935,0.0,0.0,0.0,0.0,0.0,0.0001,0.0,0.0,0.0,0.0
1130,0.0,0.0,0.0,0.0,0.0,0.0,0.00011,0.0,0.0,0.0
1131,0.0,0.0,0.0,0.0,0.0,0.0,8e-05,0.0,0.0,0.0
1132,0.0,0.0,0.0,0.0,0.0,0.0,9e-05,0.0,0.0,0.0
1133,0.0,0.0,0.0,0.0,0.0,0.0,0.00011,0.0,0.0,0.0
1134,0.0,0.0,0.0,0.0,0.0,0.0,0.00026,0.0,0.0,0.0
1135,0.0,0.0,0.0,0.0,0.0,0.0,9e-05,0.0,0.0,0.0
1136,0.0,0.0,0.0,0.0,0.0,0.0,4e-05,0.0,0.0,0.0
1137,0.0,0.0,0.0,0.0,0.0,0.0,0.00012,0.0,0.0,0.0
1138,0.0,0.0,0.0,0.0,0.0,0.0,0.00018,0.0,0.0,0.0
1139,0.0,0.0,0.0,0.0,0.0,0.0,0.0001,0.0,0.0,0.0
1140,0.0,0.0,0.0,0.0,0.0,0.0,0.00025,0.0,0.0,0.0
1141,0.0,0.0,0.0,0.0,0.0,0.0,0.00019,0.0,0.0,0.0
1142,0.0,0.0,0.0,0.0,0.0,0.0,0.00014,0.0,0.0,0.0
1143,0.0,0.0,0.0,0.0,0.0,0.0,0.00024,0.0,0.0,0.0
1144,0.0,0.0,0.0,0.0,0.0,0.0,0.00025,0.0,0.0,0.0
1145,0.0,0.0,0.0,0.0,0.0,0.0,0.00019,0.0,0.0,0.0
1146,0.0,0.0,0.0,0.0,0.0,0.0,0.0001,0.0,0.0,0.0
1147,0.0,0.0,0.0,0.0,0.0,0.0,0.00023,0.0,0.0,0.0
1148,0.0,0.0,0.0,0.0,0.0,0.0,0.00019,0.0,0.0,0.0
1149,0.0,0.0,0.0,0.0,0.0,0.0,0.0002,0.0,0.0,0.0
1150,0.0,0.0,0.0,0.0,0.0,0.0,0.00033,0.0,0.0,0.0
1151,0.0,0.0,0.0,0.0,0.0,0.0,0.00022,0.0,0.0,0.0
1152,0.0,0.0,0.0,0.0,0.0,0.0,0.00033,0.0,0.0,0.0
1153,0.0,0.0,0.0,0.0,0.0,0.0,0.00033,0.0,0.0,0.0
1154,0.0,0.0,0.0,0.0,0.0,0.0,0.00039,0.0,0.0,0.0
1155,0.0,0.0,0.0,0.0,0.0,0.0,0.00043,0.0,0.0,0.0
1156,0.0,0.0,0.0,0.0,0.0,0.0,0.00045,0.0,0.0,0.0
1157,0.0,0.0,0.0,0.0,0.0,0.0,0.00041,0.0,0.0,0.0
1158,0.0,0.0,0.0,0.0,0.0,0.0,0.00051,0.0,0.0,0.0
1159,0.0,0.0,0.0,0.0,0.0,0.0,0.00069,0.0,0.0,0.0
1160,0.0,0.0,0.0,0.0,0.0,0.0,0.00079,0.0,0.0,0.0
1161,0.0,0.0,0.0,0.0,0.0,0.0,0.00076,0.0,0.0,0.0
1162,0.0,0.0,0.0,0.0,0.0,0.0,0.00076,0.0,0.0,0.0
1163,0.0,0.0,0.0,0.0,0.0,0.0,0.00108,0.0,0.0,0.0
1164,0.0,0.0,0.0,0.0,0.0,0.0,0.00141,0.0,0.0,0.0
1165,0.0,0.0,0.0,0.0,0.0,0.0,0.00149,0.0,0.0,0.0
1166,0.0,0.0,0.0,0.0,0.0,0.0,0.00157,0.0,0.0,0.0
1167,0.0,0.0,0.0,0.0,0.0,0.0,0.00202,0.0,0.0,0.0
1168,0.0,0.0,0.0,0.0,0.0,0.0,0.00247,0.0,0.0,0.0
1169,0.0,0.0,0.0,0.0,0.0,0.0,0.00315,0.0,0.0,0.0
1170,0.0,0.0,0.0,0.0,0.0,0.0,0.00342,0.0,0.0,0.0
1171,0.0,0.0,0.0,0.0,0.0,0.0,0.00419,0.0,0.0,0.0
1172,0.0,0.0,0.0,0.0,0.0,0.0,0.00527,0.0,0.0,0.0
1173,0.0,0.0,0.0,0.0,0.0,0.0,0.00631,0.0,0.0,0.0
1174,0.0,0.0,0.0,0.0,0.0,0.0,0.0079,0.0,0.0,0.0
1175,0.0,0.0,0.0,0.0,0.0,0.0,0.0092,0.0,0.0,0.0
1176,0.0,0.0,0.0,0.0,0.0,0.0,0.01061,0.0,0.0,0.0
1177,0.0,0.0,0.0,0.0,0.0,0.0,0.01274,0.0,0.0,0.0
1178,0.0,0.0,0.0,0.0,0.0,0.0,0.0152,0.0,0.0,0.0
1179,0.0,0.0,0.0,0.0,0.0,0.0,0.01714,0.0,0.0,0.0
1180,0.0,0.0,0.0,0.0,0.0,0.0,0.01923,0.0,0.0,0.0
1181,0.0,0.0,0.0,0.0,0.0,0.0,0.02211,0.0,0.0,0.0
1182,0.0,0.0,0.0,0.0,0.0,0.0,0.02519,0.0,0.0,0.0
1183,0.0,0.0,0.0,0.0,0.0,0.0,0.02822,0.0,0.0,0.0
1184,0.0,0.0,0.0,0.0,0.0,0.0,0.03152,0.0,0.0,0.0
1185,0.0,0.0,0.0,0.0,0.0,0.0,0.03546,0.0,0.0,0.0
1186,0.0,0.0,0.0,0.0,0.0,0.0,0.04035,0.0,0.0,0.0
1187,0.0,0.0,0.0,0.0,0.0,0.0,0.04661,0.0,0.0,0.0
1188,0.0,0.0,0.0,0.0,0.0,0.0,0.05311,0.0,0.0,0.0
1189,0.0,0.0,0.0,0.0,0.0,0.0,0.06108,0.0,0.0,0.0
1190,0.0,0.0,0.0,0.0,0.0,0.0,0.07231,0.0,0.0,0.0
1191,0.0,0.0,0.0,0.0,0.0,0.0,0.08645,0.0,0.0,0.0
1192,0.0,0.0,0.0,0.0,0.0,0.0,0.1016,0.0,0.0,0.0
1193,0.0,0.0,0.0,0.0,0.0,0.0,0.12343,0.0,0.0,0.0
1194,0.0,0.0,0.0,0.0,0.0,0.0,0.15188,0.0,0.0,0.0
1195,0.0,0.0,0.0,0.0,0.0,0.0,0.1858,0.0,0.0,0.0
1196,0.0,0.0,0.0,0.0,0.0,0.0,0.23111,0.0,0.0,0.0
1197,0.0,0.0,0.0,0.0,0.0,0.0,0.29089,0.0,0.0,0.0
1198,0.0,0.0,0.0,0.0,0.0,0.0,0.35359,0.0,0.0,0.0
1199,0.0,0.0,0.0,0.0,0.0,0.0,0.44511,0.0,0.0,0.0
1200,0.0,0.0,0.0,0.0,0.0,0.0,0.53275,0.0,0.0,0.0
1201,0.0,0.0,0.0,0.0,0.0,0.0,0.62402,0.0,0.0,0.0
1202,0.0,0.0,0.0,0.0,0.0,0.0,0.71211,0.0,0.0,0.0
1203,0.0,0.0,0.0,0.0,0.0,0.0,0.79742,0.0,0.0,0.0
1204,0.0,0.0,0.0,0.0,0.0,0.0,0.86092,0.0,0.0,0.0
1205,0.0,0.0,0.0,0.0,0.0,0.0,0.90174,0.0,0.0,0.0
1206,0.0,0.0,0.0,0.0,0.0,0.0,0.92834,0.0,0.0,0.0
1207,0.0,0.0,0.0,0.0,0.0,0.0,0.93889,0.0,0.0,0.0
1208,0.0,0.0,0.0,0.0,0.0,0.0,0.93974,0.0,0.0,0.0
1209,0.0,0.0,0.0,0.0,0.0,0.0,0.93554,0.0,0.0,0.0
1210,0.0,0.0,0.0,0.0,0.0,0.0,0.92967,0.0,0.0,0.0
1211,0.0,0.0,0.0,0.0,0.0,0.0,0.92586,0.0,0.0,0.0
1212,0.0,0.0,0.0,0.0,0.0,0.0,0.92318,0.0,0.0,0.0
1213,0.0,0.0,0.0,0.0,0.0,0.0,0.92169,0.0,0.0,0.0
1214,0.0,0.0,0.0,0.0,0.0,0.0,0.9231,0.0,0.0,0.0
1215,0.0,0.0,0.0,0.0,0.0,0.0,0.92602,0.0,0.0,0.0
1216,0.0,0.0,0.0,0.0,0.0,0.0,0.9297,0.0,0.0,0.0
1217,0.0,0.0,0.0,0.0,0.0,0.0,0.93397,0.0,0.0,0.0
1218,0.0,0.0,0.0,0.0,0.0,0.0,0.93821,0.0,0.0,0.0
1219,0.0,0.0,0.0,0.0,0.0,0.0,0.9415,0.0,0.0,0.0
1220,0.0,0.0,0.0,0.0,0.0,0.0,0.94458,0.0,0.0,0.0
1221,0.0,0.0,0.0,0.0,0.0,0.0,0.947,0.0,0.0,0.0
1222,0.0,0.0,0.0,0.0,0.0,0.0,0.94756,0.0,0.0,0.0
1223,0.0,0.0,0.0,0.0,0.0,0.0,0.94807,0.0,0.0,0.0
1224,0.0,0.0,0.0,0.0,0.0,0.0,0.94801,0.0,0.0,0.0
1225,0.0,0.0,0.0,0.0,0.0,0.0,0.94719,0.0,0.0,0.0
1226,0.0,0.0,0.0,0.0,0.0,0.0,0.94683,0.0,0.0,0.0
1227,0.0,0.0,0.0,0.0,0.0,0.0,0.94604,0.0,0.0,0.0
1228,0.0,0.0,0.0,0.0,0.0,0.0,0.9455,0.0,0.0,0.0
1229,0.0,0.0,0.0,0.0,0.0,0.0,0.94568,0.0,0.0,0.0
1230,0.0,0.0,0.0,0.0,0.0,0.0,0.94671,0.0,0.0,0.0
1231,0.0,0.0,0.0,0.0,0.0,0.0,0.94786,0.0,0.0,0.0
1232,0.0,0.0,0.0,0.0,0.0,0.0,0.95064,0.0,0.0,0.0
1233,0.0,0.0,0.0,0.0,0.0,0.0,0.95256,0.0,0.0,0.0
1234,0.0,0.0,0.0,0.0,0.0,0.0,0.95567,0.0,0.0,0.0
1235,0.0,0.0,0.0,0.0,0.0,0.0,0.95836,0.0,0.0,0.0
1236,0.0,0.0,0.0,0.0,0.0,0.0,0.96239,0.0,0.0,0.0
1237,0.0,0.0,0.0,0.0,0.0,0.0,0.96617,0.0,0.0,0.0
1238,0.0,0.0,0.0,0.0,0.0,0.0,0.97012,0.0,0.0,0.0
1239,0.0,0.0,0.0,0.0,0.0,0.0,0.97272,0.0,0.0,0.0
1240,0.0,0.0,0.0,0.0,0.0,0.0,0.97553,0.0,0.0,0.0
1241,0.0,0.0,0.0,0.0,0.0,0.0,0.97837,0.0,0.0,0.0
1242,0.0,0.0,0.0,0.0,0.0,0.0,0.98061,0.0,0.0,0.0
1243,0.0,0.0,0.0,0.0,0.0,0.0,0.98106,0.0,0.0,0.0
1244,0.0,0.0,0.0,0.0,0.0,0.0,0.98137,0.0,0.0,0.0
1245,0.0,0.0,0.0,0.0,0.0,0.0,0.98236,0.0,0.0,0.0
1246,0.0,0.0,0.0,0.0,0.0,0.0,0.98331,0.0,0.0,0.0
1247,0.0,0.0,0.0,0.0,0.0,0.0,0.98238,0.0,0.0,0.0
1248,0.0,0.0,0.0,0.0,0.0,0.0,0.97917,0.0,0.0,0.0
1249,0.0,0.0,0.0,0.0,0.0,0.0,0.9786,0.0,0.0,0.0
1250,0.0,0.0,0.0,0.0,0.0,0.0,0.97868,0.0,0.0,0.0
1251,0.0,0.0,0.0,0.0,0.0,0.0,0.97658,0.0,0.0,0.0
1252,0.0,0.0,0.0,0.0,0.0,0.0,0.97434,0.0,0.0,0.0
1253,0.0,0.0,0.0,0.0,0.0,0.0,0.97124,0.0,0.0,0.0
1254,0.0,0.0,0.0,0.0,0.0,0.0,0.97138,0.0,0.0,0.0
1255,0.0,0.0,0.0,0.0,0.0,0.0,0.97151,0.0,0.0,0.0
1256,0.0,0.0,0.0,0.0,0.0,0.0,0.97064,0.0,0.0,0.0
1257,0.0,0.0,0.0,0.0,0.0,0.0,0.96939,0.0,0.0,0.0
1258,0.0,0.0,0.0,0.0,0.0,0.0,0.97053,0.0,0.0,0.0
1259,0.0,0.0,0.0,0.0,0.0,0.0,0.97402,0.0,0.0,0.0
1260,0.0,0.0,0.0,0.0,0.0,0.0,0.97648,0.0,0.0,0.0
1261,0.0,0.0,0.0,0.0,0.0,0.0,0.97859,0.0,0.0,0.0
1262,0.0,0.0,0.0,0.0,0.0,0.0,0.98136,0.0,0.0,0.0
1263,0.0,0.0,0.0,0.0,0.0,0.0,0.98739,0.0,0.0,0.0
1264,0.0,0.0,0.0,0.0,0.0,0.0,0.99241,0.0,0.0,0.0
1265,0.0,0.0,0.0,0.0,0.0,0.0,0.99513,0.0,0.0,0.0
1266,0.0,0.0,0.0,0.0,0.0,0.0,0.99592,0.0,0.0,0.0
1267,0.0,0.0,0.0,0.0,0.0,0.0,0.99839,0.0,0.0,0.0
1268,0.0,0.0,0.0,0.0,0.0,0.0,1.0,0.0,0.0,0.0
1269,0.0,0.0,0.0,0.0,0.0,0.0,0.99718,0.0,0.0,0.0
1270,0.0,0.0,0.0,0.0,0.0,0.0,0.99096,0.0,0.0,0.0
1271,0.0,0.0,0.0,0.0,0.0,0.0,0.98288,0.0,0.0,0.0
1272,0.0,0.0,0.0,0.0,0.0,0.0,0.97345,0.0,0.0,0.0
1273,0.0,0.0,0.0,0.0,0.0,0.0,0.96248,0.0,0.0,0.0
1274,0.0,0.0,0.0,0.0,0.0,0.0,0.94962,0.0,0.0,0.0
1275,0.0,0.0,0.0,0.0,0.0,0.0,0.93565,0.0,0.0,0.0
1276,0.0,0.0,0.0,0.0,0.0,0.0,0.9216,0.0,0.0,0.0
1277,0.0,0.0,0.0,0.0,0.0,0.0,0.91033,0.0,0.0,0.0
1278,0.0,0.0,0.0,0.0,0.0,0.0,0.89953,0.0,0.0,0.0
1279,0.0,0.0,0.0,0.0,0.0,0.0,0.88971,0.0,0.0,0.0
1280,0.0,0.0,0.0,0.0,0.0,0.0,0.88328,0.0,0.0,0.0
1281,0.0,0.0,0.0,0.0,0.0,0.0,0.87933,0.0,0.0,0.0
1282,0.0,0.0,0.0,0.0,0.0,0.0,0.8746,0.0,0.0,0.0
1283,0.0,0.0,0.0,0.0,0.0,0.0,0.86534,0.0,0.0,0.0
1284,0.0,0.0,0.0,0.0,0.0,0.0,0.85013,0.0,0.0,0.0
1285,0.0,0.0,0.0,0.0,0.0,0.0,0.8215,0.0,0.0,0.0
1286,0.0,0.0,0.0,0.0,0.0,0.0,0.77784,0.0,0.0,0.0
1287,0.0,0.0,0.0,0.0,0.0,0.0,0.72296,0.0,0.0,0.0
1288,0.0,0.0,0.0,0.0,0.0,0.0,0.64128,0.0,0.0,0.0
1289,0.0,0.0,0.0,0.0,0.0,0.0,0.55132,0.0,0.0,0.0
1290,0.0,0.0,0.0,0.0,0.0,0.0,0.46611,0.0,0.0,0.0
1291,0.0,0.0,0.0,0.0,0.0,0.0,0.37849,0.0,0.0,0.0
1292,0.0,0.0,0.0,0.0,0.0,0.0,0.29824,0.0,0.0,0.0
1293,0.0,0.0,0.0,0.0,0.0,0.0,0.23618,0.0,0.0,0.0
1294,0.0,0.0,0.0,0.0,0.0,0.0,0.18329,0.0,0.0,0.0
1295,0.0,0.0,0.0,0.0,0.0,0.0,0.14018,0.0,0.0,0.0
1296,0.0,0.0,0.0,0.0,0.0,0.0,0.11109,0.0,0.0,0.0
1297,0.0,0.0,0.0,0.0,0.0,0.0,0.08671,0.0,0.0,0.0
1298,0.0,0.0,0.0,0.0,0.0,0.0,0.06765,0.0,0.0,0.0
1299,0.0,0.0,0.0,0.0,0.0,0.0,0.05409,0.0,0.0,0.0
1300,0.0,0.0,0.0,0.0,0.0,0.0,0.04397,0.0,0.0,0.0
1301,0.0,0.0,0.0,0.0,0.0,0.0,0.03536,0.0,0.0,0.0
1302,0.0,0.0,0.0,0.0,0.0,0.0,0.02907,0.0,0.0,0.0
1303,0.0,0.0,0.0,0.0,0.0,0.0,0.02415,0.0,0.0,0.0
1304,0.0,0.0,0.0,0.0,0.0,0.0,0.02004,0.0,0.0,0.0
1305,0.0,0.0,0.0,0.0,0.0,0.0,0.01693,0.0,0.0,0.0
1306,0.0,0.0,0.0,0.0,0.0,0.0,0.0146,0.0,0.0,0.0
1307,0.0,0.0,0.0,0.0,0.0,0.0,0.01226,0.0,0.0,0.0
1308,0.0,0.0,0.0,0.0,0.0,0.0,0.01053,0.0,0.0,0.0
1309,0.0,0.0,0.0,0.0,0.0,0.0,0.0093,0.0,0.0,0.0
1310,0.0,0.0,0.0,0.0,0.0,0.0,0.00824,0.0,0.0,0.0
1311,0.0,0.0,0.0,0.0,0.0,0.0,0.00719,0.0,0.0,0.0
1312,0.0,0.0,0.0,0.0,0.0,0.0,0.00629,0.0,0.0,0.0
1313,0.0,0.0,0.0,0.0,0.0,0.0,0.00562,0.0,0.0,0.0
1314,0.0,0.0,0.0,0.0,0.0,0.0,0.00515,0.0,0.0,0.0
1315,0.0,0.0,0.0,0.0,0.0,0.0,0.00485,0.0,0.0,0.0
1316,0.0,0.0,0.0,0.0,0.0,0.0,0.00418,0.0,0.0,0.0
1317,0.0,0.0,0.0,0.0,0.0,0.0,0.00403,0.0,0.0,0.0
1318,0.0,0.0,0.0,0.0,0.0,0.0,0.0036,0.0,0.0,0.0
1319,0.0,0.0,0.0,0.0,0.0,0.0,0.00327,0.0,0.0,0.0
1320,0.0,0.0,0.0,0.0,0.0,0.0,0.00309,0.0,0.0,0.0
1321,0.0,0.0,0.0,0.0,0.0,0.0,0.00298,0.0,0.0,0.0
1322,0.0,0.0,0.0,0.0,0.0,0.0,0.00267,0.0,0.0,0.0
1323,0.0,0.0,0.0,0.0,0.0,0.0,0.00248,0.0,0.0,0.0
1324,0.0,0.0,0.0,0.0,0.0,0.0,0.00239,0.0,0.0,0.0
1325,0.0,0.0,0.0,0.0,0.0,0.0,0.00217,0.0,0.0,0.0
1326,0.0,0.0,0.0,0.0,0.0,0.0,0.00193,0.0,0.0,0.0
1327,0.0,0.0,0.0,0.0,0.0,0.0,0.00183,0.0,0.0,0.0
1328,0.0,0.0,0.0,0.0,0.0,0.0,0.00183,0.0,0.0,0.0
1329,0.0,0.0,0.0,0.0,0.0,0.0,0.00158,0.0,0.0,0.0
1330,0.0,0.0,0.0,0.0,0.0,0.0,0.00135,0.0,0.0,0.0
1331,0.0,0.0,0.0,0.0,0.0,0.0,0.00126,0.0,0.0,0.0
1332,0.0,0.0,0.0,0.0,0.0,0.0,0.0012,0.0,0.0,0.0
1333,0.0,0.0,0.0,0.0,0.0,0.0,0.00098,0.0,0.0,0.0
1334,0.0,0.0,0.0,0.0,0.0,0.0,0.00082,0.0,0.0,0.0
1335,0.0,0.0,0.0,0.0,0.0,0.0,0.00074,0.0,0.0,0.0
1336,0.0,0.0,0.0,0.0,0.0,0.0,0.00062,0.0,0.0,0.0
1337,0.0,0.0,0.0,0.0,0.0,0.0,0.00058,0.0,0.0,0.0
1338,0.0,0.0,0.0,0.0,0.0,0.0,0.00048,0.0,0.0,0.0
1339,0.0,0.0,0.0,0.0,0.0,0.0,0.00039,0.0,0.0,0.0
1340,0.0,0.0,0.0,0.0,0.0,0.0,0.00032,0.0,0.0,0.0
1341,0.0,0.0,0.0,0.0,0.0,0.0,0.00029,0.0,0.0,0.0
1342,0.0,0.0,0.0,0.0,0.0,0.0,0.00025,0.0,0.0,0.0
1343,0.0,0.0,0.0,0.0,0.0,0.0,0.0002,0.0,0.0,0.0
1344,0.0,0.0,0.0,0.0,0.0,0.0,5e-05,0.0,0.0,0.0
1345,0.0,0.0,0.0,0.0,0.0,0.0,0.00015,0.0,0.0,0.0
1346,0.0,0.0,0.0,0.0,0.0,0.0,0.0002,0.0,0.0,0.0
1347,0.0,0.0,0.0,0.0,0.0,0.0,0.00016,0.0,0.0,0.0
1348,0.0,0.0,0.0,0.0,0.0,0.0,0.0,0.0,0.0,0.0
1349,0.0,0.0,0.0,0.0,0.0,0.0,0.00017,0.0,0.0,0.0
1350,0.0,0.0,0.0,0.0,0.0,0.0,7e-05,0.0,0.0,0.0
1351,0.0,0.0,0.0,0.0,0.0,0.0,8e-05,0.0,0.0,0.0
1352,0.0,0.0,0.0,0.0,0.0,0.0,0.0,0.0,0.0,0.0
1353,0.0,0.0,0.0,0.0,0.0,0.0,0.0,0.0,0.0,0.0
1354,0.0,0.0,0.0,0.0,0.0,0.0,8e-05,0.0,0.0,0.0
1355,0.0,0.0,0.0,0.0,0.0,0.0,7e-05,0.0,0.0,0.0
1356,0.0,0.0,0.0,0.0,0.0,0.0,9e-05,0.0,0.0,0.0
1357,0.0,0.0,0.0,0.0,0.0,0.0,1e-05,0.0,0.0,0.0
1358,0.0,0.0,0.0,0.0,0.0,0.0,0.0002,0.0,0.0,0.0
1359,0.0,0.0,0.0,0.0,0.0,0.0,0.00012,0.0,0.0,0.0
1360,0.0,0.0,0.0,0.0,0.0,0.0,7e-05,0.0,0.0,0.0
1361,0.0,0.0,0.0,0.0,0.0,0.0,0.0,0.0,0.0,0.0
1362,0.0,0.0,0.0,0.0,0.0,0.0,0.0001,0.0,0.0,0.0
1363,0.0,0.0,0.0,0.0,0.0,0.0,0.0002,0.0,0.0,0.0
1364,0.0,0.0,0.0,0.0,0.0,0.0,0.00031,0.0,0.0,0.0
1365,0.0,0.0,0.0,0.0,0.0,0.0,0.00014,0.0,0.0,0.0
1366,0.0,0.0,0.0,0.0,0.0,0.0,0.0,0.0,0.0,0.0
1367,0.0,0.0,0.0,0.0,0.0,0.0,0.0,0.0,0.0,0.0
1368,0.0,0.0,0.0,0.0,0.0,0.0,8e-05,0.0,0.0,0.0
1369,0.0,0.0,0.0,0.0,0.0,0.0,0.0,0.0,0.0,0.0
1370,0.0,0.0,0.0,0.0,0.0,0.0,0.0,0.0,0.0,0.0
1371,0.0,0.0,0.0,0.0,0.0,0.0,0.00012,0.0,0.0,0.0
1372,0.0,0.0,0.0,0.0,0.0,0.0,8e-05,0.0,0.0,0.0
1373,0.0,0.0,0.0,0.0,0.0,0.0,0.0,0.0,0.0,0.0
1374,0.0,0.0,0.0,0.0,0.0,0.0,0.0,0.0,0.0,0.0
1375,0.0,0.0,0.0,0.0,0.0,0.0,0.0,0.0,0.0,0.0
1376,0.0,0.0,0.0,0.0,0.0,0.0,3e-05,0.0,0.0,0.0
1377,0.0,0.0,0.0,0.0,0.0,0.0,3e-05,0.0,0.0,0.0
1378,0.0,0.0,0.0,0.0,0.0,0.0,0.0,0.0,0.0,0.0
1379,0.0,0.0,0.0,0.0,0.0,0.0,0.0,0.0,0.0,0.0
1380,0.0,0.0,0.0,0.0,0.0,0.0,0.0,0.0,0.0,0.0
1381,0.0,0.0,0.0,0.0,0.0,0.0,4e-05,0.0,0.0,0.0
1382,0.0,0.0,0.0,0.0,0.0,0.0,0.00017,0.0,0.0,0.0
1383,0.0,0.0,0.0,0.0,0.0,0.0,0.0,0.0,0.0,0.0
1384,0.0,0.0,0.0,0.0,0.0,0.0,0.0,0.0,0.0,0.0
1385,0.0,0.0,0.0,0.0,0.0,0.0,0.00012,0.0,0.0,0.0
1386,0.0,0.0,0.0,0.0,0.0,0.0,0.00017,0.0,0.0,0.0
1387,0.0,0.0,0.0,0.0,0.0,0.0,0.0,0.0,0.0,0.0
1388,0.0,0.0,0.0,0.0,0.0,0.0,0.0,0.0,0.0,0.0
1389,0.0,0.0,0.0,0.0,0.0,0.0,4e-05,0.0,0.0,0.0
1390,0.0,0.0,0.0,0.0,0.0,0.0,6e-05,0.0,0.0,0.0
1391,0.0,0.0,0.0,0.0,0.0,0.0,0.00012,0.0,0.0,0.0
1392,0.0,0.0,0.0,0.0,0.0,0.0,0.0,0.0,0.0,0.0
1393,0.0,0.0,0.0,0.0,0.0,0.0,0.0,0.0,0.0,0.0
1394,0.0,0.0,0.0,0.0,0.0,0.0,7e-05,0.0,0.0,0.0
1395,0.0,0.0,0.0,0.0,0.0,0.0,0.00012,0.0,0.0,0.0
1396,0.0,0.0,0.0,0.0,0.0,0.0,0.0,0.0,0.0,0.0
1397,0.0,0.0,0.0,0.0,0.0,0.0,0.0,0.0,0.0,0.0
1398,0.0,0.0,0.0,0.0,0.0,0.0,8e-05,0.0,0.0,0.0
1399,0.0,0.0,0.0,0.0,0.0,0.0,3e-05,0.0,0.0,0.0
1400,0.0,0.0,0.0,0.0,0.0,0.0,3e-05,0.0,0.0,0.0
1460,0.0,0.0,0.0,0.0,0.0,0.0,0.0,0.0,0.0,0.0
1461,0.0,0.0,0.0,0.0,0.0,0.0,0.0,5e-05,0.0,0.0
1462,0.0,0.0,0.0,0.0,0.0,0.0,0.0,0.0,0.0,0.0
1463,0.0,0.0,0.0,0.0,0.0,0.0,0.0,0.0,0.0,0.0
1464,0.0,0.0,0.0,0.0,0.0,0.0,0.0,0.00015,0.0,0.0
1465,0.0,0.0,0.0,0.0,0.0,0.0,0.0,3e-05,0.0,0.0
1466,0.0,0.0,0.0,0.0,0.0,0.0,0.0,0.0,0.0,0.0
1467,0.0,0.0,0.0,0.0,0.0,0.0,0.0,0.0,0.0,0.0
1468,0.0,0.0,0.0,0.0,0.0,0.0,0.0,0.0,0.0,0.0
1469,0.0,0.0,0.0,0.0,0.0,0.0,0.0,9e-05,0.0,0.0
1470,0.0,0.0,0.0,0.0,0.0,0.0,0.0,0.0,0.0,0.0
1471,0.0,0.0,0.0,0.0,0.0,0.0,0.0,9e-05,0.0,0.0
1472,0.0,0.0,0.0,0.0,0.0,0.0,0.0,9e-05,0.0,0.0
1473,0.0,0.0,0.0,0.0,0.0,0.0,0.0,9e-05,0.0,0.0
1474,0.0,0.0,0.0,0.0,0.0,0.0,0.0,0.00011,0.0,0.0
1475,0.0,0.0,0.0,0.0,0.0,0.0,0.0,9e-05,0.0,0.0
1476,0.0,0.0,0.0,0.0,0.0,0.0,0.0,0.00013,0.0,0.0
1477,0.0,0.0,0.0,0.0,0.0,0.0,0.0,0.00018,0.0,0.0
1478,0.0,0.0,0.0,0.0,0.0,0.0,0.0,6e-05,0.0,0.0
1479,0.0,0.0,0.0,0.0,0.0,0.0,0.0,0.00028,0.0,0.0
1480,0.0,0.0,0.0,0.0,0.0,0.0,0.0,0.00012,0.0,0.0
1481,0.0,0.0,0.0,0.0,0.0,0.0,0.0,0.0002,0.0,0.0
1482,0.0,0.0,0.0,0.0,0.0,0.0,0.0,0.0002,0.0,0.0
1483,0.0,0.0,0.0,0.0,0.0,0.0,0.0,0.00016,0.0,0.0
1484,0.0,0.0,0.0,0.0,0.0,0.0,0.0,0.00023,0.0,0.0
1485,0.0,0.0,0.0,0.0,0.0,0.0,0.0,0.00018,0.0,0.0
1486,0.0,0.0,0.0,0.0,0.0,0.0,0.0,0.00019,0.0,0.0
1487,0.0,0.0,0.0,0.0,0.0,0.0,0.0,0.00025,0.0,0.0
1488,0.0,0.0,0.0,0.0,0.0,0.0,0.0,0.00035,0.0,0.0
1489,0.0,0.0,0.0,0.0,0.0,0.0,0.0,0.00033,0.0,0.0
1490,0.0,0.0,0.0,0.0,0.0,0.0,0.0,0.00036,0.0,0.0
1491,0.0,0.0,0.0,0.0,0.0,0.0,0.0,0.00043,0.0,0.0
1492,0.0,0.0,0.0,0.0,0.0,0.0,0.0,0.00045,0.0,0.0
1493,0.0,0.0,0.0,0.0,0.0,0.0,0.0,0.00044,0.0,0.0
1494,0.0,0.0,0.0,0.0,0.0,0.0,0.0,0.00044,0.0,0.0
1495,0.0,0.0,0.0,0.0,0.0,0.0,0.0,0.00055,0.0,0.0
1496,0.0,0.0,0.0,0.0,0.0,0.0,0.0,0.00053,0.0,0.0
1497,0.0,0.0,0.0,0.0,0.0,0.0,0.0,0.00069,0.0,0.0
1498,0.0,0.0,0.0,0.0,0.0,0.0,0.0,0.00066,0.0,0.0
1499,0.0,0.0,0.0,0.0,0.0,0.0,0.0,0.00057,0.0,0.0
1500,0.0,0.0,0.0,0.0,0.0,0.0,0.0,0.00085,0.0,0.0
1501,0.0,0.0,0.0,0.0,0.0,0.0,0.0,0.00087,0.0,0.0
1502,0.0,0.0,0.0,0.0,0.0,0.0,0.0,0.00095,0.0,0.0
1503,0.0,0.0,0.0,0.0,0.0,0.0,0.0,0.00118,0.0,0.0
1504,0.0,0.0,0.0,0.0,0.0,0.0,0.0,0.00128,0.0,0.0
1505,0.0,0.0,0.0,0.0,0.0,0.0,0.0,0.00132,0.0,0.0
1506,0.0,0.0,0.0,0.0,0.0,0.0,0.0,0.0015,0.0,0.0
1507,0.0,0.0,0.0,0.0,0.0,0.0,0.0,0.00185,0.0,0.0
1508,0.0,0.0,0.0,0.0,0.0,0.0,0.0,0.00204,0.0,0.0
1509,0.0,0.0,0.0,0.0,0.0,0.0,0.0,0.00223,0.0,0.0
1510,0.0,0.0,0.0,0.0,0.0,0.0,0.0,0.0026,0.0,0.0
1511,0.0,0.0,0.0,0.0,0.0,0.0,0.0,0.00299,0.0,0.0
1512,0.0,0.0,0.0,0.0,0.0,0.0,0.0,0.00339,0.0,0.0
1513,0.0,0.0,0.0,0.0,0.0,0.0,0.0,0.00404,0.0,0.0
1514,0.0,0.0,0.0,0.0,0.0,0.0,0.0,0.00471,0.0,0.0
1515,0.0,0.0,0.0,0.0,0.0,0.0,0.0,0.00567,0.0,0.0
1516,0.0,0.0,0.0,0.0,0.0,0.0,0.0,0.00663,0.0,0.0
1517,0.0,0.0,0.0,0.0,0.0,0.0,0.0,0.00786,0.0,0.0
1518,0.0,0.0,0.0,0.0,0.0,0.0,0.0,0.00942,0.0,0.0
1519,0.0,0.0,0.0,0.0,0.0,0.0,0.0,0.01121,0.0,0.0
1520,0.0,0.0,0.0,0.0,0.0,0.0,0.0,0.01347,0.0,0.0
1521,0.0,0.0,0.0,0.0,0.0,0.0,0.0,0.01608,0.0,0.0
1522,0.0,0.0,0.0,0.0,0.0,0.0,0.0,0.01938,0.0,0.0
1523,0.0,0.0,0.0,0.0,0.0,0.0,0.0,0.0235,0.0,0.0
1524,0.0,0.0,0.0,0.0,0.0,0.0,0.0,0.02792,0.0,0.0
1525,0.0,0.0,0.0,0.0,0.0,0.0,0.0,0.03341,0.0,0.0
1526,0.0,0.0,0.0,0.0,0.0,0.0,0.0,0.04009,0.0,0.0
1527,0.0,0.0,0.0,0.0,0.0,0.0,0.0,0.04762,0.0,0.0
1528,0.0,0.0,0.0,0.0,0.0,0.0,0.0,0.05643,0.0,0.0
1529,0.0,0.0,0.0,0.0,0.0,0.0,0.0,0.06714,0.0,0.0
1530,0.0,0.0,0.0,0.0,0.0,0.0,0.0,0.07824,0.0,0.0
1531,0.0,0.0,0.0,0.0,0.0,0.0,0.0,0.09136,0.0,0.0
1532,0.0,0.0,0.0,0.0,0.0,0.0,0.0,0.10654,0.0,0.0
1533,0.0,0.0,0.0,0.0,0.0,0.0,0.0,0.12285,0.0,0.0
1534,0.0,0.0,0.0,0.0,0.0,0.0,0.0,0.14079,0.0,0.0
1535,0.0,0.0,0.0,0.0,0.0,0.0,0.0,0.16125,0.0,0.0
1536,0.0,0.0,0.0,0.0,0.0,0.0,0.0,0.18364,0.0,0.0
1537,0.0,0.0,0.0,0.0,0.0,0.0,0.0,0.20654,0.0,0.0
1538,0.0,0.0,0.0,0.0,0.0,0.0,0.0,0.23308,0.0,0.0
1539,0.0,0.0,0.0,0.0,0.0,0.0,0.0,0.2623,0.0,0.0
1540,0.0,0.0,0.0,0.0,0.0,0.0,0.0,0.29337,0.0,0.0
1541,0.0,0.0,0.0,0.0,0.0,0.0,0.0,0.32852,0.0,0.0
1542,0.0,0.0,0.0,0.0,0.0,0.0,0.0,0.36737,0.0,0.0
1543,0.0,0.0,0.0,0.0,0.0,0.0,0.0,0.40615,0.0,0.0
1544,0.0,0.0,0.0,0.0,0.0,0.0,0.0,0.45084,0.0,0.0
1545,0.0,0.0,0.0,0.0,0.0,0.0,0.0,0.49826,0.0,0.0
1546,0.0,0.0,0.0,0.0,0.0,0.0,0.0,0.54405,0.0,0.0
1547,0.0,0.0,0.0,0.0,0.0,0.0,0.0,0.59284,0.0,0.0
1548,0.0,0.0,0.0,0.0,0.0,0.0,0.0,0.64023,0.0,0.0
1549,0.0,0.0,0.0,0.0,0.0,0.0,0.0,0.68359,0.0,0.0
1550,0.0,0.0,0.0,0.0,0.0,0.0,0.0,0.72173,0.0,0.0
1551,0.0,0.0,0.0,0.0,0.0,0.0,0.0,0.75357,0.0,0.0
1552,0.0,0.0,0.0,0.0,0.0,0.0,0.0,0.77747,0.0,0.0
1553,0.0,0.0,0.0,0.0,0.0,0.0,0.0,0.79223,0.0,0.0
1554,0.0,0.0,0.0,0.0,0.0,0.0,0.0,0.80116,0.0,0.0
1555,0.0,0.0,0.0,0.0,0.0,0.0,0.0,0.80176,0.0,0.0
1556,0.0,0.0,0.0,0.0,0.0,0.0,0.0,0.7982,0.0,0.0
1557,0.0,0.0,0.0,0.0,0.0,0.0,0.0,0.79068,0.0,0.0
1558,0.0,0.0,0.0,0.0,0.0,0.0,0.0,0.78129,0.0,0.0
1559,0.0,0.0,0.0,0.0,0.0,0.0,0.0,0.77084,0.0,0.0
1560,0.0,0.0,0.0,0.0,0.0,0.0,0.0,0.75957,0.0,0.0
1561,0.0,0.0,0.0,0.0,0.0,0.0,0.0,0.74928,0.0,0.0
1562,0.0,0.0,0.0,0.0,0.0,0.0,0.0,0.74068,0.0,0.0
1563,0.0,0.0,0.0,0.0,0.0,0.0,0.0,0.73295,0.0,0.0
1564,0.0,0.0,0.0,0.0,0.0,0.0,0.0,0.72784,0.0,0.0
1565,0.0,0.0,0.0,0.0,0.0,0.0,0.0,0.72493,0.0,0.0
1566,0.0,0.0,0.0,0.0,0.0,0.0,0.0,0.72389,0.0,0.0
1567,0.0,0.0,0.0,0.0,0.0,0.0,0.0,0.72565,0.0,0.0
1568,0.0,0.0,0.0,0.0,0.0,0.0,0.0,0.72857,0.0,0.0
1569,0.0,0.0,0.0,0.0,0.0,0.0,0.0,0.73355,0.0,0.0
1570,0.0,0.0,0.0,0.0,0.0,0.0,0.0,0.74086,0.0,0.0
1571,0.0,0.0,0.0,0.0,0.0,0.0,0.0,0.74789,0.0,0.0
1572,0.0,0.0,0.0,0.0,0.0,0.0,0.0,0.75644,0.0,0.0
1573,0.0,0.0,0.0,0.0,0.0,0.0,0.0,0.76678,0.0,0.0
1574,0.0,0.0,0.0,0.0,0.0,0.0,0.0,0.77698,0.0,0.0
1575,0.0,0.0,0.0,0.0,0.0,0.0,0.0,0.78859,0.0,0.0
1576,0.0,0.0,0.0,0.0,0.0,0.0,0.0,0.80016,0.0,0.0
1577,0.0,0.0,0.0,0.0,0.0,0.0,0.0,0.81189,0.0,0.0
1578,0.0,0.0,0.0,0.0,0.0,0.0,0.0,0.82298,0.0,0.0
1579,0.0,0.0,0.0,0.0,0.0,0.0,0.0,0.83396,0.0,0.0
1580,0.0,0.0,0.0,0.0,0.0,0.0,0.0,0.84427,0.0,0.0
1581,0.0,0.0,0.0,0.0,0.0,0.0,0.0,0.85336,0.0,0.0
1582,0.0,0.0,0.0,0.0,0.0,0.0,0.0,0.86176,0.0,0.0
1583,0.0,0.0,0.0,0.0,0.0,0.0,0.0,0.86922,0.0,0.0
1584,0.0,0.0,0.0,0.0,0.0,0.0,0.0,0.87644,0.0,0.0
1585,0.0,0.0,0.0,0.0,0.0,0.0,0.0,0.88282,0.0,0.0
1586,0.0,0.0,0.0,0.0,0.0,0.0,0.0,0.88883,0.0,0.0
1587,0.0,0.0,0.0,0.0,0.0,0.0,0.0,0.89463,0.0,0.0
1588,0.0,0.0,0.0,0.0,0.0,0.0,0.0,0.89837,0.0,0.0
1589,0.0,0.0,0.0,0.0,0.0,0.0,0.0,0.90238,0.0,0.0
1590,0.0,0.0,0.0,0.0,0.0,0.0,0.0,0.90555,0.0,0.0
1591,0.0,0.0,0.0,0.0,0.0,0.0,0.0,0.90816,0.0,0.0
1592,0.0,0.0,0.0,0.0,0.0,0.0,0.0,0.91116,0.0,0.0
1593,0.0,0.0,0.0,0.0,0.0,0.0,0.0,0.91374,0.0,0.0
1594,0.0,0.0,0.0,0.0,0.0,0.0,0.0,0.91618,0.0,0.0
1595,0.0,0.0,0.0,0.0,0.0,0.0,0.0,0.91957,0.0,0.0
1596,0.0,0.0,0.0,0.0,0.0,0.0,0.0,0.92109,0.0,0.0
1597,0.0,0.0,0.0,0.0,0.0,0.0,0.0,0.92405,0.0,0.0
1598,0.0,0.0,0.0,0.0,0.0,0.0,0.0,0.92575,0.0,0.0
1599,0.0,0.0,0.0,0.0,0.0,0.0,0.0,0.92606,0.0,0.0
1600,0.0,0.0,0.0,0.0,0.0,0.0,0.0,0.92782,0.0,0.0
1601,0.0,0.0,0.0,0.0,0.0,0.0,0.0,0.92917,0.0,0.0
1602,0.0,0.0,0.0,0.0,0.0,0.0,0.0,0.93016,0.0,0.0
1603,0.0,0.0,0.0,0.0,0.0,0.0,0.0,0.93204,0.0,0.0
1604,0.0,0.0,0.0,0.0,0.0,0.0,0.0,0.93329,0.0,0.0
1605,0.0,0.0,0.0,0.0,0.0,0.0,0.0,0.93412,0.0,0.0
1606,0.0,0.0,0.0,0.0,0.0,0.0,0.0,0.93516,0.0,0.0
1607,0.0,0.0,0.0,0.0,0.0,0.0,0.0,0.93597,0.0,0.0
1608,0.0,0.0,0.0,0.0,0.0,0.0,0.0,0.93607,0.0,0.0
1609,0.0,0.0,0.0,0.0,0.0,0.0,0.0,0.93705,0.0,0.0
1610,0.0,0.0,0.0,0.0,0.0,0.0,0.0,0.93679,0.0,0.0
1611,0.0,0.0,0.0,0.0,0.0,0.0,0.0,0.93713,0.0,0.0
1612,0.0,0.0,0.0,0.0,0.0,0.0,0.0,0.93786,0.0,0.0
1613,0.0,0.0,0.0,0.0,0.0,0.0,0.0,0.93847,0.0,0.0
1614,0.0,0.0,0.0,0.0,0.0,0.0,0.0,0.93923,0.0,0.0
1615,0.0,0.0,0.0,0.0,0.0,0.0,0.0,0.93963,0.0,0.0
1616,0.0,0.0,0.0,0.0,0.0,0.0,0.0,0.93899,0.0,0.0
1617,0.0,0.0,0.0,0.0,0.0,0.0,0.0,0.93832,0.0,0.0
1618,0.0,0.0,0.0,0.0,0.0,0.0,0.0,0.93866,0.0,0.0
1619,0.0,0.0,0.0,0.0,0.0,0.0,0.0,0.93823,0.0,0.0
1620,0.0,0.0,0.0,0.0,0.0,0.0,0.0,0.93881,0.0,0.0
1621,0.0,0.0,0.0,0.0,0.0,0.0,0.0,0.93756,0.0,0.0
1622,0.0,0.0,0.0,0.0,0.0,0.0,0.0,0.93722,0.0,0.0
1623,0.0,0.0,0.0,0.0,0.0,0.0,0.0,0.93675,0.0,0.0
1624,0.0,0.0,0.0,0.0,0.0,0.0,0.0,0.93489,0.0,0.0
1625,0.0,0.0,0.0,0.0,0.0,0.0,0.0,0.93379,0.0,0.0
1626,0.0,0.0,0.0,0.0,0.0,0.0,0.0,0.93049,0.0,0.0
1627,0.0,0.0,0.0,0.0,0.0,0.0,0.0,0.92718,0.0,0.0
1628,0.0,0.0,0.0,0.0,0.0,0.0,0.0,0.9255,0.0,0.0
1629,0.0,0.0,0.0,0.0,0.0,0.0,0.0,0.92209,0.0,0.0
1630,0.0,0.0,0.0,0.0,0.0,0.0,0.0,0.91864,0.0,0.0
1631,0.0,0.0,0.0,0.0,0.0,0.0,0.0,0.91514,0.0,0.0
1632,0.0,0.0,0.0,0.0,0.0,0.0,0.0,0.91158,0.0,0.0
1633,0.0,0.0,0.0,0.0,0.0,0.0,0.0,0.9062,0.0,0.0
1634,0.0,0.0,0.0,0.0,0.0,0.0,0.0,0.90271,0.0,0.0
1635,0.0,0.0,0.0,0.0,0.0,0.0,0.0,0.89895,0.0,0.0
1636,0.0,0.0,0.0,0.0,0.0,0.0,0.0,0.89404,0.0,0.0
1637,0.0,0.0,0.0,0.0,0.0,0.0,0.0,0.89075,0.0,0.0
1638,0.0,0.0,0.0,0.0,0.0,0.0,0.0,0.88613,0.0,0.0
1639,0.0,0.0,0.0,0.0,0.0,0.0,0.0,0.88319,0.0,0.0
1640,0.0,0.0,0.0,0.0,0.0,0.0,0.0,0.88026,0.0,0.0
1641,0.0,0.0,0.0,0.0,0.0,0.0,0.0,0.8775,0.0,0.0
1642,0.0,0.0,0.0,0.0,0.0,0.0,0.0,0.87481,0.0,0.0
1643,0.0,0.0,0.0,0.0,0.0,0.0,0.0,0.87285,0.0,0.0
1644,0.0,0.0,0.0,0.0,0.0,0.0,0.0,0.87052,0.0,0.0
1645,0.0,0.0,0.0,0.0,0.0,0.0,0.0,0.86985,0.0,0.0
1646,0.0,0.0,0.0,0.0,0.0,0.0,0.0,0.86978,0.0,0.0
1647,0.0,0.0,0.0,0.0,0.0,0.0,0.0,0.87063,0.0,0.0
1648,0.0,0.0,0.0,0.0,0.0,0.0,0.0,0.87083,0.0,0.0
1649,0.0,0.0,0.0,0.0,0.0,0.0,0.0,0.87287,0.0,0.0
1650,0.0,0.0,0.0,0.0,0.0,0.0,0.0,0.87407,0.0,0.0
1651,0.0,0.0,0.0,0.0,0.0,0.0,0.0,0.87854,0.0,0.0
1652,0.0,0.0,0.0,0.0,0.0,0.0,0.0,0.88025,0.0,0.0
1653,0.0,0.0,0.0,0.0,0.0,0.0,0.0,0.8846,0.0,0.0
1654,0.0,0.0,0.0,0.0,0.0,0.0,0.0,0.8882,0.0,0.0
1655,0.0,0.0,0.0,0.0,0.0,0.0,0.0,0.89282,0.0,0.0
1656,0.0,0.0,0.0,0.0,0.0,0.0,0.0,0.8977,0.0,0.0
1657,0.0,0.0,0.0,0.0,0.0,0.0,0.0,0.9034,0.0,0.0
1658,0.0,0.0,0.0,0.0,0.0,0.0,0.0,0.90824,0.0,0.0
1659,0.0,0.0,0.0,0.0,0.0,0.0,0.0,0.91417,0.0,0.0
1660,0.0,0.0,0.0,0.0,0.0,0.0,0.0,0.91971,0.0,0.0
1661,0.0,0.0,0.0,0.0,0.0,0.0,0.0,0.92522,0.0,0.0
1662,0.0,0.0,0.0,0.0,0.0,0.0,0.0,0.93159,0.0,0.0
1663,0.0,0.0,0.0,0.0,0.0,0.0,0.0,0.93837,0.0,0.0
1664,0.0,0.0,0.0,0.0,0.0,0.0,0.0,0.9424,0.0,0.0
1665,0.0,0.0,0.0,0.0,0.0,0.0,0.0,0.94932,0.0,0.0
1666,0.0,0.0,0.0,0.0,0.0,0.0,0.0,0.95389,0.0,0.0
1667,0.0,0.0,0.0,0.0,0.0,0.0,0.0,0.95941,0.0,0.0
1668,0.0,0.0,0.0,0.0,0.0,0.0,0.0,0.96633,0.0,0.0
1669,0.0,0.0,0.0,0.0,0.0,0.0,0.0,0.96978,0.0,0.0
1670,0.0,0.0,0.0,0.0,0.0,0.0,0.0,0.97402,0.0,0.0
1671,0.0,0.0,0.0,0.0,0.0,0.0,0.0,0.9783,0.0,0.0
1672,0.0,0.0,0.0,0.0,0.0,0.0,0.0,0.98111,0.0,0.0
1673,0.0,0.0,0.0,0.0,0.0,0.0,0.0,0.98514,0.0,0.0
1674,0.0,0.0,0.0,0.0,0.0,0.0,0.0,0.98823,0.0,0.0
1675,0.0,0.0,0.0,0.0,0.0,0.0,0.0,0.99056,0.0,0.0
1676,0.0,0.0,0.0,0.0,0.0,0.0,0.0,0.99256,0.0,0.0
1677,0.0,0.0,0.0,0.0,0.0,0.0,0.0,0.99507,0.0,0.0
1678,0.0,0.0,0.0,0.0,0.0,0.0,0.0,0.99667,0.0,0.0
1679,0.0,0.0,0.0,0.0,0.0,0.0,0.0,0.99884,0.0,0.0
1680,0.0,0.0,0.0,0.0,0.0,0.0,0.0,0.99956,0.0,0.0
1681,0.0,0.0,0.0,0.0,0.0,0.0,0.0,0.99936,0.0,0.0
1682,0.0,0.0,0.0,0.0,0.0,0.0,0.0,0.99954,0.0,0.0
1683,0.0,0.0,0.0,0.0,0.0,0.0,0.0,0.99974,0.0,0.0
1684,0.0,0.0,0.0,0.0,0.0,0.0,0.0,1.0,0.0,0.0
1685,0.0,0.0,0.0,0.0,0.0,0.0,0.0,0.99971,0.0,0.0
1686,0.0,0.0,0.0,0.0,0.0,0.0,0.0,0.99904,0.0,0.0
1687,0.0,0.0,0.0,0.0,0.0,0.0,0.0,0.99746,0.0,0.0
1688,0.0,0.0,0.0,0.0,0.0,0.0,0.0,0.99642,0.0,0.0
1689,0.0,0.0,0.0,0.0,0.0,0.0,0.0,0.99564,0.0,0.0
1690,0.0,0.0,0.0,0.0,0.0,0.0,0.0,0.99449,0.0,0.0
1691,0.0,0.0,0.0,0.0,0.0,0.0,0.0,0.99323,0.0,0.0
1692,0.0,0.0,0.0,0.0,0.0,0.0,0.0,0.99058,0.0,0.0
1693,0.0,0.0,0.0,0.0,0.0,0.0,0.0,0.9888,0.0,0.0
1694,0.0,0.0,0.0,0.0,0.0,0.0,0.0,0.98714,0.0,0.0
1695,0.0,0.0,0.0,0.0,0.0,0.0,0.0,0.98383,0.0,0.0
1696,0.0,0.0,0.0,0.0,0.0,0.0,0.0,0.98225,0.0,0.0
1697,0.0,0.0,0.0,0.0,0.0,0.0,0.0,0.97716,0.0,0.0
1698,0.0,0.0,0.0,0.0,0.0,0.0,0.0,0.97219,0.0,0.0
1699,0.0,0.0,0.0,0.0,0.0,0.0,0.0,0.96832,0.0,0.0
1700,0.0,0.0,0.0,0.0,0.0,0.0,0.0,0.96193,0.0,0.0
1701,0.0,0.0,0.0,0.0,0.0,0.0,0.0,0.95676,0.0,0.0
1702,0.0,0.0,0.0,0.0,0.0,0.0,0.0,0.94942,0.0,0.0
1703,0.0,0.0,0.0,0.0,0.0,0.0,0.0,0.94059,0.0,0.0
1704,0.0,0.0,0.0,0.0,0.0,0.0,0.0,0.93118,0.0,0.0
1705,0.0,0.0,0.0,0.0,0.0,0.0,0.0,0.92202,0.0,0.0
1706,0.0,0.0,0.0,0.0,0.0,0.0,0.0,0.90882,0.0,0.0
1707,0.0,0.0,0.0,0.0,0.0,0.0,0.0,0.89676,0.0,0.0
1708,0.0,0.0,0.0,0.0,0.0,0.0,0.0,0.88262,0.0,0.0
1709,0.0,0.0,0.0,0.0,0.0,0.0,0.0,0.86662,0.0,0.0
1710,0.0,0.0,0.0,0.0,0.0,0.0,0.0,0.85115,0.0,0.0
1711,0.0,0.0,0.0,0.0,0.0,0.0,0.0,0.83431,0.0,0.0
1712,0.0,0.0,0.0,0.0,0.0,0.0,0.0,0.81647,0.0,0.0
1713,0.0,0.0,0.0,0.0,0.0,0.0,0.0,0.79793,0.0,0.0
1714,0.0,0.0,0.0,0.0,0.0,0.0,0.0,0.7785,0.0,0.0
1715,0.0,0.0,0.0,0.0,0.0,0.0,0.0,0.75847,0.0,0.0
1716,0.0,0.0,0.0,0.0,0.0,0.0,0.0,0.73952,0.0,0.0
1717,0.0,0.0,0.0,0.0,0.0,0.0,0.0,0.72123,0.0,0.0
1718,0.0,0.0,0.0,0.0,0.0,0.0,0.0,0.70163,0.0,0.0
1719,0.0,0.0,0.0,0.0,0.0,0.0,0.0,0.68298,0.0,0.0
1720,0.0,0.0,0.0,0.0,0.0,0.0,0.0,0.66518,0.0,0.0
1721,0.0,0.0,0.0,0.0,0.0,0.0,0.0,0.64823,0.0,0.0
1722,0.0,0.0,0.0,0.0,0.0,0.0,0.0,0.63061,0.0,0.0
1723,0.0,0.0,0.0,0.0,0.0,0.0,0.0,0.61392,0.0,0.0
1724,0.0,0.0,0.0,0.0,0.0,0.0,0.0,0.59742,0.0,0.0
1725,0.0,0.0,0.0,0.0,0.0,0.0,0.0,0.58027,0.0,0.0
1726,0.0,0.0,0.0,0.0,0.0,0.0,0.0,0.56461,0.0,0.0
1727,0.0,0.0,0.0,0.0,0.0,0.0,0.0,0.54968,0.0,0.0
1728,0.0,0.0,0.0,0.0,0.0,0.0,0.0,0.53352,0.0,0.0
1729,0.0,0.0,0.0,0.0,0.0,0.0,0.0,0.51798,0.0,0.0
1730,0.0,0.0,0.0,0.0,0.0,0.0,0.0,0.50098,0.0,0.0
1731,0.0,0.0,0.0,0.0,0.0,0.0,0.0,0.48294,0.0,0.0
1732,0.0,0.0,0.0,0.0,0.0,0.0,0.0,0.46398,0.0,0.0
1733,0.0,0.0,0.0,0.0,0.0,0.0,0.0,0.44484,0.0,0.0
1734,0.0,0.0,0.0,0.0,0.0,0.0,0.0,0.42333,0.0,0.0
1735,0.0,0.0,0.0,0.0,0.0,0.0,0.0,0.40141,0.0,0.0
1736,0.0,0.0,0.0,0.0,0.0,0.0,0.0,0.37931,0.0,0.0
1737,0.0,0.0,0.0,0.0,0.0,0.0,0.0,0.35556,0.0,0.0
1738,0.0,0.0,0.0,0.0,0.0,0.0,0.0,0.33102,0.0,0.0
1739,0.0,0.0,0.0,0.0,0.0,0.0,0.0,0.30729,0.0,0.0
1740,0.0,0.0,0.0,0.0,0.0,0.0,0.0,0.28232,0.0,0.0
1741,0.0,0.0,0.0,0.0,0.0,0.0,0.0,0.25705,0.0,0.0
1742,0.0,0.0,0.0,0.0,0.0,0.0,0.0,0.23357,0.0,0.0
1743,0.0,0.0,0.0,0.0,0.0,0.0,0.0,0.21224,0.0,0.0
1744,0.0,0.0,0.0,0.0,0.0,0.0,0.0,0.19031,0.0,0.0
1745,0.0,0.0,0.0,0.0,0.0,0.0,0.0,0.17142,0.0,0.0
1746,0.0,0.0,0.0,0.0,0.0,0.0,0.0,0.15353,0.0,0.0
1747,0.0,0.0,0.0,0.0,0.0,0.0,0.0,0.13685,0.0,0.0
1748,0.0,0.0,0.0,0.0,0.0,0.0,0.0,0.12177,0.0,0.0
1749,0.0,0.0,0.0,0.0,0.0,0.0,0.0,0.10911,0.0,0.0
1750,0.0,0.0,0.0,0.0,0.0,0.0,0.0,0.0972,0.0,0.0
1751,0.0,0.0,0.0,0.0,0.0,0.0,0.0,0.08667,0.0,0.0
1752,0.0,0.0,0.0,0.0,0.0,0.0,0.0,0.07752,0.0,0.0
1753,0.0,0.0,0.0,0.0,0.0,0.0,0.0,0.06926,0.0,0.0
1754,0.0,0.0,0.0,0.0,0.0,0.0,0.0,0.062,0.0,0.0
1755,0.0,0.0,0.0,0.0,0.0,0.0,0.0,0.05574,0.0,0.0
1756,0.0,0.0,0.0,0.0,0.0,0.0,0.0,0.05005,0.0,0.0
1757,0.0,0.0,0.0,0.0,0.0,0.0,0.0,0.04498,0.0,0.0
1758,0.0,0.0,0.0,0.0,0.0,0.0,0.0,0.04055,0.0,0.0
1759,0.0,0.0,0.0,0.0,0.0,0.0,0.0,0.03677,0.0,0.0
1760,0.0,0.0,0.0,0.0,0.0,0.0,0.0,0.0332,0.0,0.0
1761,0.0,0.0,0.0,0.0,0.0,0.0,0.0,0.03017,0.0,0.0
1762,0.0,0.0,0.0,0.0,0.0,0.0,0.0,0.02752,0.0,0.0
1763,0.0,0.0,0.0,0.0,0.0,0.0,0.0,0.02508,0.0,0.0
1764,0.0,0.0,0.0,0.0,0.0,0.0,0.0,0.02287,0.0,0.0
1765,0.0,0.0,0.0,0.0,0.0,0.0,0.0,0.02093,0.0,0.0
1766,0.0,0.0,0.0,0.0,0.0,0.0,0.0,0.0191,0.0,0.0
1767,0.0,0.0,0.0,0.0,0.0,0.0,0.0,0.01748,0.0,0.0
1768,0.0,0.0,0.0,0.0,0.0,0.0,0.0,0.01606,0.0,0.0
1769,0.0,0.0,0.0,0.0,0.0,0.0,0.0,0.01467,0.0,0.0
1770,0.0,0.0,0.0,0.0,0.0,0.0,0.0,0.01345,0.0,0.0
1771,0.0,0.0,0.0,0.0,0.0,0.0,0.0,0.01239,0.0,0.0
1772,0.0,0.0,0.0,0.0,0.0,0.0,0.0,0.01136,0.0,0.0
1773,0.0,0.0,0.0,0.0,0.0,0.0,0.0,0.01042,0.0,0.0
1774,0.0,0.0,0.0,0.0,0.0,0.0,0.0,0.00954,0.0,0.0
1775,0.0,0.0,0.0,0.0,0.0,0.0,0.0,0.00871,0.0,0.0
1776,0.0,0.0,0.0,0.0,0.0,0.0,0.0,0.00797,0.0,0.0
1777,0.0,0.0,0.0,0.0,0.0,0.0,0.0,0.00728,0.0,0.0
1778,0.0,0.0,0.0,0.0,0.0,0.0,0.0,0.00663,0.0,0.0
1779,0.0,0.0,0.0,0.0,0.0,0.0,0.0,0.00606,0.0,0.0
1780,0.0,0.0,0.0,0.0,0.0,0.0,0.0,0.00559,0.0,0.0
1781,0.0,0.0,0.0,0.0,0.0,0.0,0.0,0.00519,0.0,0.0
1782,0.0,0.0,0.0,0.0,0.0,0.0,0.0,0.00451,0.0,0.0
1783,0.0,0.0,0.0,0.0,0.0,0.0,0.0,0.00415,0.0,0.0
1784,0.0,0.0,0.0,0.0,0.0,0.0,0.0,0.00391,0.0,0.0
1785,0.0,0.0,0.0,0.0,0.0,0.0,0.0,0.00342,0.0,0.0
1786,0.0,0.0,0.0,0.0,0.0,0.0,0.0,0.00314,0.0,0.0
1787,0.0,0.0,0.0,0.0,0.0,0.0,0.0,0.00286,0.0,0.0
1788,0.0,0.0,0.0,0.0,0.0,0.0,0.0,0.0025,0.0,0.0
1789,0.0,0.0,0.0,0.0,0.0,0.0,0.0,0.00243,0.0,0.0
1790,0.0,0.0,0.0,0.0,0.0,0.0,0.0,0.00205,0.0,0.0
1791,0.0,0.0,0.0,0.0,0.0,0.0,0.0,0.00193,0.0,0.0
1792,0.0,0.0,0.0,0.0,0.0,0.0,0.0,0.00178,0.0,0.0
1793,0.0,0.0,0.0,0.0,0.0,0.0,0.0,0.00155,0.0,0.0
1794,0.0,0.0,0.0,0.0,0.0,0.0,0.0,0.00145,0.0,0.0
1795,0.0,0.0,0.0,0.0,0.0,0.0,0.0,0.00136,0.0,0.0
1796,0.0,0.0,0.0,0.0,0.0,0.0,0.0,0.00107,0.0,0.0
1797,0.0,0.0,0.0,0.0,0.0,0.0,0.0,0.00107,0.0,0.0
1798,0.0,0.0,0.0,0.0,0.0,0.0,0.0,0.00107,0.0,0.0
1799,0.0,0.0,0.0,0.0,0.0,0.0,0.0,0.00083,0.0,0.0
1800,0.0,0.0,0.0,0.0,0.0,0.0,0.0,0.00079,0.0,0.0
1801,0.0,0.0,0.0,0.0,0.0,0.0,0.0,0.00066,0.0,0.0
1802,0.0,0.0,0.0,0.0,0.0,0.0,0.0,0.00055,0.0,0.0
1803,0.0,0.0,0.0,0.0,0.0,0.0,0.0,0.00073,0.0,0.0
1804,0.0,0.0,0.0,0.0,0.0,0.0,0.0,0.00062,0.0,0.0
1805,0.0,0.0,0.0,0.0,0.0,0.0,0.0,0.00069,0.0,0.0
1806,0.0,0.0,0.0,0.0,0.0,0.0,0.0,0.00044,0.0,0.0
1807,0.0,0.0,0.0,0.0,0.0,0.0,0.0,0.00051,0.0,0.0
1808,0.0,0.0,0.0,0.0,0.0,0.0,0.0,0.00032,0.0,0.0
1809,0.0,0.0,0.0,0.0,0.0,0.0,0.0,0.00046,0.0,0.0
1810,0.0,0.0,0.0,0.0,0.0,0.0,0.0,0.00029,0.0,0.0
1811,0.0,0.0,0.0,0.0,0.0,0.0,0.0,0.00032,0.0,0.0
1812,0.0,0.0,0.0,0.0,0.0,0.0,0.0,0.00032,0.0,0.0
1813,0.0,0.0,0.0,0.0,0.0,0.0,0.0,0.00036,0.0,0.0
1814,0.0,0.0,0.0,0.0,0.0,0.0,0.0,0.00035,0.0,0.0
1815,0.0,0.0,0.0,0.0,0.0,0.0,0.0,0.00011,0.0,0.0
1816,0.0,0.0,0.0,0.0,0.0,0.0,0.0,0.00024,0.0,0.0
1817,0.0,0.0,0.0,0.0,0.0,0.0,0.0,0.00029,0.0,0.0
1818,0.0,0.0,0.0,0.0,0.0,0.0,0.0,0.00028,0.0,0.0
1819,0.0,0.0,0.0,0.0,0.0,0.0,0.0,0.00019,0.0,0.0
1820,0.0,0.0,0.0,0.0,0.0,0.0,0.0,0.00018,0.0,0.0
1821,0.0,0.0,0.0,0.0,0.0,0.0,0.0,0.00031,0.0,0.0
1822,0.0,0.0,0.0,0.0,0.0,0.0,0.0,0.0,0.0,0.0
1823,0.0,0.0,0.0,0.0,0.0,0.0,0.0,0.00033,0.0,0.0
1824,0.0,0.0,0.0,0.0,0.0,0.0,0.0,0.00011,0.0,0.0
1825,0.0,0.0,0.0,0.0,0.0,0.0,0.0,0.00019,0.0,0.0
1826,0.0,0.0,0.0,0.0,0.0,0.0,0.0,0.00019,0.0,0.0
1827,0.0,0.0,0.0,0.0,0.0,0.0,0.0,5e-05,0.0,0.0
1828,0.0,0.0,0.0,0.0,0.0,0.0,0.0,0.00018,0.0,0.0
1829,0.0,0.0,0.0,0.0,0.0,0.0,0.0,0.00011,0.0,0.0
1830,0.0,0.0,0.0,0.0,0.0,0.0,0.0,7e-05,0.0,0.0
1831,0.0,0.0,0.0,0.0,0.0,0.0,0.0,0.00013,0.0,0.0
1832,0.0,0.0,0.0,0.0,0.0,0.0,0.0,0.00014,0.0,0.0
1833,0.0,0.0,0.0,0.0,0.0,0.0,0.0,0.00017,0.0,0.0
1834,0.0,0.0,0.0,0.0,0.0,0.0,0.0,8e-05,0.0,0.0
1835,0.0,0.0,0.0,0.0,0.0,0.0,0.0,9e-05,0.0,0.0
1836,0.0,0.0,0.0,0.0,0.0,0.0,0.0,0.00015,0.0,0.0
1837,0.0,0.0,0.0,0.0,0.0,0.0,0.0,0.00014,0.0,0.0
1838,0.0,0.0,0.0,0.0,0.0,0.0,0.0,0.0001,0.0,0.0
1839,0.0,0.0,0.0,0.0,0.0,0.0,0.0,0.0,0.0,0.0
1840,0.0,0.0,0.0,0.0,0.0,0.0,0.0,0.0,0.0,0.0
1980,0.0,0.0,0.0,0.0,0.0,0.0,0.0,0.0,0.00014,0.0
1981,0.0,0.0,0.0,0.0,0.0,0.0,0.0,0.0,0.00021,0.0
1982,0.0,0.0,0.0,0.0,0.0,0.0,0.0,0.0,0.00017,0.0
1983,0.0,0.0,0.0,0.0,0.0,0.0,0.0,0.0,0.00021,0.0
1984,0.0,0.0,0.0,0.0,0.0,0.0,0.0,0.0,0.00025,0.0
1985,0.0,0.0,0.0,0.0,0.0,0.0,0.0,0.0,0.00026,0.0
1986,0.0,0.0,0.0,0.0,0.0,0.0,0.0,0.0,0.00019,0.0
1987,0.0,0.0,0.0,0.0,0.0,0.0,0.0,0.0,0.00026,0.0
1988,0.0,0.0,0.0,0.0,0.0,0.0,0.0,0.0,0.00031,0.0
1989,0.0,0.0,0.0,0.0,0.0,0.0,0.0,0.0,0.00027,0.0
1990,0.0,0.0,0.0,0.0,0.0,0.0,0.0,0.0,0.00022,0.0
1991,0.0,0.0,0.0,0.0,0.0,0.0,0.0,0.0,0.00035,0.0
1992,0.0,0.0,0.0,0.0,0.0,0.0,0.0,0.0,0.00038,0.0
1993,0.0,0.0,0.0,0.0,0.0,0.0,0.0,0.0,0.00038,0.0
1994,0.0,0.0,0.0,0.0,0.0,0.0,0.0,0.0,0.00031,0.0
1995,0.0,0.0,0.0,0.0,0.0,0.0,0.0,0.0,0.00041,0.0
1996,0.0,0.0,0.0,0.0,0.0,0.0,0.0,0.0,0.00036,0.0
1997,0.0,0.0,0.0,0.0,0.0,0.0,0.0,0.0,0.0005,0.0
1998,0.0,0.0,0.0,0.0,0.0,0.0,0.0,0.0,0.00037,0.0
1999,0.0,0.0,0.0,0.0,0.0,0.0,0.0,0.0,0.00048,0.0
2000,0.0,0.0,0.0,0.0,0.0,0.0,0.0,0.0,0.00056,0.0
2001,0.0,0.0,0.0,0.0,0.0,0.0,0.0,0.0,0.00048,0.0
2002,0.0,0.0,0.0,0.0,0.0,0.0,0.0,0.0,0.00051,0.0
2003,0.0,0.0,0.0,0.0,0.0,0.0,0.0,0.0,0.00066,0.0
2004,0.0,0.0,0.0,0.0,0.0,0.0,0.0,0.0,0.00053,0.0
2005,0.0,0.0,0.0,0.0,0.0,0.0,0.0,0.0,0.00067,0.0
2006,0.0,0.0,0.0,0.0,0.0,0.0,0.0,0.0,0.00078,0.0
2007,0.0,0.0,0.0,0.0,0.0,0.0,0.0,0.0,0.0007,0.0
2008,0.0,0.0,0.0,0.0,0.0,0.0,0.0,0.0,0.00092,0.0
2009,0.0,0.0,0.0,0.0,0.0,0.0,0.0,0.0,0.00084,0.0
2010,0.0,0.0,0.0,0.0,0.0,0.0,0.0,0.0,0.00088,0.0
2011,0.0,0.0,0.0,0.0,0.0,0.0,0.0,0.0,0.001,0.0
2012,0.0,0.0,0.0,0.0,0.0,0.0,0.0,0.0,0.00099,0.0
2013,0.0,0.0,0.0,0.0,0.0,0.0,0.0,0.0,0.00106,0.0
2014,0.0,0.0,0.0,0.0,0.0,0.0,0.0,0.0,0.00117,0.0
2015,0.0,0.0,0.0,0.0,0.0,0.0,0.0,0.0,0.00123,0.0
2016,0.0,0.0,0.0,0.0,0.0,0.0,0.0,0.0,0.0014,0.0
2017,0.0,0.0,0.0,0.0,0.0,0.0,0.0,0.0,0.00152,0.0
2018,0.0,0.0,0.0,0.0,0.0,0.0,0.0,0.0,0.00163,0.0
2019,0.0,0.0,0.0,0.0,0.0,0.0,0.0,0.0,0.0017,0.0
2020,0.0,0.0,0.0,0.0,0.0,0.0,0.0,0.0,0.0018,0.0
2021,0.0,0.0,0.0,0.0,0.0,0.0,0.0,0.0,0.00193,0.0
2022,0.0,0.0,0.0,0.0,0.0,0.0,0.0,0.0,0.00215,0.0
2023,0.0,0.0,0.0,0.0,0.0,0.0,0.0,0.0,0.00236,0.0
2024,0.0,0.0,0.0,0.0,0.0,0.0,0.0,0.0,0.00249,0.0
2025,0.0,0.0,0.0,0.0,0.0,0.0,0.0,0.0,0.00268,0.0
2026,0.0,0.0,0.0,0.0,0.0,0.0,0.0,0.0,0.00285,0.0
2027,0.0,0.0,0.0,0.0,0.0,0.0,0.0,0.0,0.00312,0.0
2028,0.0,0.0,0.0,0.0,0.0,0.0,0.0,0.0,0.00341,0.0
2029,0.0,0.0,0.0,0.0,0.0,0.0,0.0,0.0,0.00358,0.0
2030,0.0,0.0,0.0,0.0,0.0,0.0,0.0,0.0,0.00387,0.0
2031,0.0,0.0,0.0,0.0,0.0,0.0,0.0,0.0,0.00424,0.0
2032,0.0,0.0,0.0,0.0,0.0,0.0,0.0,0.0,0.00453,0.0
2033,0.0,0.0,0.0,0.0,0.0,0.0,0.0,0.0,0.00494,0.0
2034,0.0,0.0,0.0,0.0,0.0,0.0,0.0,0.0,0.00524,0.0
2035,0.0,0.0,0.0,0.0,0.0,0.0,0.0,0.0,0.00578,0.0
2036,0.0,0.0,0.0,0.0,0.0,0.0,0.0,0.0,0.00618,0.0
2037,0.0,0.0,0.0,0.0,0.0,0.0,0.0,0.0,0.00661,0.0
2038,0.0,0.0,0.0,0.0,0.0,0.0,0.0,0.0,0.00725,0.0
2039,0.0,0.0,0.0,0.0,0.0,0.0,0.0,0.0,0.00785,0.0
2040,0.0,0.0,0.0,0.0,0.0,0.0,0.0,0.0,0.00843,0.0
2041,0.0,0.0,0.0,0.0,0.0,0.0,0.0,0.0,0.0094,0.0
2042,0.0,0.0,0.0,0.0,0.0,0.0,0.0,0.0,0.00989,0.0
2043,0.0,0.0,0.0,0.0,0.0,0.0,0.0,0.0,0.01095,0.0
2044,0.0,0.0,0.0,0.0,0.0,0.0,0.0,0.0,0.01187,0.0
2045,0.0,0.0,0.0,0.0,0.0,0.0,0.0,0.0,0.01262,0.0
2046,0.0,0.0,0.0,0.0,0.0,0.0,0.0,0.0,0.01385,0.0
2047,0.0,0.0,0.0,0.0,0.0,0.0,0.0,0.0,0.01518,0.0
2048,0.0,0.0,0.0,0.0,0.0,0.0,0.0,0.0,0.01642,0.0
2049,0.0,0.0,0.0,0.0,0.0,0.0,0.0,0.0,0.0179,0.0
2050,0.0,0.0,0.0,0.0,0.0,0.0,0.0,0.0,0.01967,0.0
2051,0.0,0.0,0.0,0.0,0.0,0.0,0.0,0.0,0.02117,0.0
2052,0.0,0.0,0.0,0.0,0.0,0.0,0.0,0.0,0.02335,0.0
2053,0.0,0.0,0.0,0.0,0.0,0.0,0.0,0.0,0.02551,0.0
2054,0.0,0.0,0.0,0.0,0.0,0.0,0.0,0.0,0.02791,0.0
2055,0.0,0.0,0.0,0.0,0.0,0.0,0.0,0.0,0.03066,0.0
2056,0.0,0.0,0.0,0.0,0.0,0.0,0.0,0.0,0.03372,0.0
2057,0.0,0.0,0.0,0.0,0.0,0.0,0.0,0.0,0.03684,0.0
2058,0.0,0.0,0.0,0.0,0.0,0.0,0.0,0.0,0.04044,0.0
2059,0.0,0.0,0.0,0.0,0.0,0.0,0.0,0.0,0.04461,0.0
2060,0.0,0.0,0.0,0.0,0.0,0.0,0.0,0.0,0.04925,0.0
2061,0.0,0.0,0.0,0.0,0.0,0.0,0.0,0.0,0.05404,0.0
2062,0.0,0.0,0.0,0.0,0.0,0.0,0.0,0.0,0.05953,0.0
2063,0.0,0.0,0.0,0.0,0.0,0.0,0.0,0.0,0.06546,0.0
2064,0.0,0.0,0.0,0.0,0.0,0.0,0.0,0.0,0.07182,0.0
2065,0.0,0.0,0.0,0.0,0.0,0.0,0.0,0.0,0.07928,0.0
2066,0.0,0.0,0.0,0.0,0.0,0.0,0.0,0.0,0.0877,0.0
2067,0.0,0.0,0.0,0.0,0.0,0.0,0.0,0.0,0.09613,0.0
2068,0.0,0.0,0.0,0.0,0.0,0.0,0.0,0.0,0.10619,0.0
2069,0.0,0.0,0.0,0.0,0.0,0.0,0.0,0.0,0.11685,0.0
2070,0.0,0.0,0.0,0.0,0.0,0.0,0.0,0.0,0.1283,0.0
2071,0.0,0.0,0.0,0.0,0.0,0.0,0.0,0.0,0.14167,0.0
2072,0.0,0.0,0.0,0.0,0.0,0.0,0.0,0.0,0.15662,0.0
2073,0.0,0.0,0.0,0.0,0.0,0.0,0.0,0.0,0.17203,0.0
2074,0.0,0.0,0.0,0.0,0.0,0.0,0.0,0.0,0.18963,0.0
2075,0.0,0.0,0.0,0.0,0.0,0.0,0.0,0.0,0.20804,0.0
2076,0.0,0.0,0.0,0.0,0.0,0.0,0.0,0.0,0.22796,0.0
2077,0.0,0.0,0.0,0.0,0.0,0.0,0.0,0.0,0.25009,0.0
2078,0.0,0.0,0.0,0.0,0.0,0.0,0.0,0.0,0.27406,0.0
2079,0.0,0.0,0.0,0.0,0.0,0.0,0.0,0.0,0.29895,0.0
2080,0.0,0.0,0.0,0.0,0.0,0.0,0.0,0.0,0.32498,0.0
2081,0.0,0.0,0.0,0.0,0.0,0.0,0.0,0.0,0.35437,0.0
2082,0.0,0.0,0.0,0.0,0.0,0.0,0.0,0.0,0.38334,0.0
2083,0.0,0.0,0.0,0.0,0.0,0.0,0.0,0.0,0.41447,0.0
2084,0.0,0.0,0.0,0.0,0.0,0.0,0.0,0.0,0.44666,0.0
2085,0.0,0.0,0.0,0.0,0.0,0.0,0.0,0.0,0.47978,0.0
2086,0.0,0.0,0.0,0.0,0.0,0.0,0.0,0.0,0.51165,0.0
2087,0.0,0.0,0.0,0.0,0.0,0.0,0.0,0.0,0.54447,0.0
2088,0.0,0.0,0.0,0.0,0.0,0.0,0.0,0.0,0.57797,0.0
2089,0.0,0.0,0.0,0.0,0.0,0.0,0.0,0.0,0.60982,0.0
2090,0.0,0.0,0.0,0.0,0.0,0.0,0.0,0.0,0.64019,0.0
2091,0.0,0.0,0.0,0.0,0.0,0.0,0.0,0.0,0.67014,0.0
2092,0.0,0.0,0.0,0.0,0.0,0.0,0.0,0.0,0.69809,0.0
2093,0.0,0.0,0.0,0.0,0.0,0.0,0.0,0.0,0.72426,0.0
2094,0.0,0.0,0.0,0.0,0.0,0.0,0.0,0.0,0.7494,0.0
2095,0.0,0.0,0.0,0.0,0.0,0.0,0.0,0.0,0.77323,0.0
2096,0.0,0.0,0.0,0.0,0.0,0.0,0.0,0.0,0.79444,0.0
2097,0.0,0.0,0.0,0.0,0.0,0.0,0.0,0.0,0.81453,0.0
2098,0.0,0.0,0.0,0.0,0.0,0.0,0.0,0.0,0.83124,0.0
2099,0.0,0.0,0.0,0.0,0.0,0.0,0.0,0.0,0.84595,0.0
2100,0.0,0.0,0.0,0.0,0.0,0.0,0.0,0.0,0.85951,0.0
2101,0.0,0.0,0.0,0.0,0.0,0.0,0.0,0.0,0.87247,0.0
2102,0.0,0.0,0.0,0.0,0.0,0.0,0.0,0.0,0.88251,0.0
2103,0.0,0.0,0.0,0.0,0.0,0.0,0.0,0.0,0.89228,0.0
2104,0.0,0.0,0.0,0.0,0.0,0.0,0.0,0.0,0.89986,0.0
2105,0.0,0.0,0.0,0.0,0.0,0.0,0.0,0.0,0.90562,0.0
2106,0.0,0.0,0.0,0.0,0.0,0.0,0.0,0.0,0.91136,0.0
2107,0.0,0.0,0.0,0.0,0.0,0.0,0.0,0.0,0.91619,0.0
2108,0.0,0.0,0.0,0.0,0.0,0.0,0.0,0.0,0.92149,0.0
2109,0.0,0.0,0.0,0.0,0.0,0.0,0.0,0.0,0.92459,0.0
2110,0.0,0.0,0.0,0.0,0.0,0.0,0.0,0.0,0.92812,0.0
2111,0.0,0.0,0.0,0.0,0.0,0.0,0.0,0.0,0.93116,0.0
2112,0.0,0.0,0.0,0.0,0.0,0.0,0.0,0.0,0.93421,0.0
2113,0.0,0.0,0.0,0.0,0.0,0.0,0.0,0.0,0.93659,0.0
2114,0.0,0.0,0.0,0.0,0.0,0.0,0.0,0.0,0.93833,0.0
2115,0.0,0.0,0.0,0.0,0.0,0.0,0.0,0.0,0.94012,0.0
2116,0.0,0.0,0.0,0.0,0.0,0.0,0.0,0.0,0.94241,0.0
2117,0.0,0.0,0.0,0.0,0.0,0.0,0.0,0.0,0.94373,0.0
2118,0.0,0.0,0.0,0.0,0.0,0.0,0.0,0.0,0.9444,0.0
2119,0.0,0.0,0.0,0.0,0.0,0.0,0.0,0.0,0.94596,0.0
2120,0.0,0.0,0.0,0.0,0.0,0.0,0.0,0.0,0.94586,0.0
2121,0.0,0.0,0.0,0.0,0.0,0.0,0.0,0.0,0.94652,0.0
2122,0.0,0.0,0.0,0.0,0.0,0.0,0.0,0.0,0.94673,0.0
2123,0.0,0.0,0.0,0.0,0.0,0.0,0.0,0.0,0.94853,0.0
2124,0.0,0.0,0.0,0.0,0.0,0.0,0.0,0.0,0.94905,0.0
2125,0.0,0.0,0.0,0.0,0.0,0.0,0.0,0.0,0.94996,0.0
2126,0.0,0.0,0.0,0.0,0.0,0.0,0.0,0.0,0.9501,0.0
2127,0.0,0.0,0.0,0.0,0.0,0.0,0.0,0.0,0.94998,0.0
2128,0.0,0.0,0.0,0.0,0.0,0.0,0.0,0.0,0.95052,0.0
2129,0.0,0.0,0.0,0.0,0.0,0.0,0.0,0.0,0.95057,0.0
2130,0.0,0.0,0.0,0.0,0.0,0.0,0.0,0.0,0.95093,0.0
2131,0.0,0.0,0.0,0.0,0.0,0.0,0.0,0.0,0.95048,0.0
2132,0.0,0.0,0.0,0.0,0.0,0.0,0.0,0.0,0.9512,0.0
2133,0.0,0.0,0.0,0.0,0.0,0.0,0.0,0.0,0.95098,0.0
2134,0.0,0.0,0.0,0.0,0.0,0.0,0.0,0.0,0.94969,0.0
2135,0.0,0.0,0.0,0.0,0.0,0.0,0.0,0.0,0.94866,0.0
2136,0.0,0.0,0.0,0.0,0.0,0.0,0.0,0.0,0.94872,0.0
2137,0.0,0.0,0.0,0.0,0.0,0.0,0.0,0.0,0.94838,0.0
2138,0.0,0.0,0.0,0.0,0.0,0.0,0.0,0.0,0.94892,0.0
2139,0.0,0.0,0.0,0.0,0.0,0.0,0.0,0.0,0.94866,0.0
2140,0.0,0.0,0.0,0.0,0.0,0.0,0.0,0.0,0.94849,0.0
2141,0.0,0.0,0.0,0.0,0.0,0.0,0.0,0.0,0.94789,0.0
2142,0.0,0.0,0.0,0.0,0.0,0.0,0.0,0.0,0.94679,0.0
2143,0.0,0.0,0.0,0.0,0.0,0.0,0.0,0.0,0.94715,0.0
2144,0.0,0.0,0.0,0.0,0.0,0.0,0.0,0.0,0.94704,0.0
2145,0.0,0.0,0.0,0.0,0.0,0.0,0.0,0.0,0.9481,0.0
2146,0.0,0.0,0.0,0.0,0.0,0.0,0.0,0.0,0.94738,0.0
2147,0.0,0.0,0.0,0.0,0.0,0.0,0.0,0.0,0.94731,0.0
2148,0.0,0.0,0.0,0.0,0.0,0.0,0.0,0.0,0.94579,0.0
2149,0.0,0.0,0.0,0.0,0.0,0.0,0.0,0.0,0.94676,0.0
2150,0.0,0.0,0.0,0.0,0.0,0.0,0.0,0.0,0.9445,0.0
2151,0.0,0.0,0.0,0.0,0.0,0.0,0.0,0.0,0.94526,0.0
2152,0.0,0.0,0.0,0.0,0.0,0.0,0.0,0.0,0.94288,0.0
2153,0.0,0.0,0.0,0.0,0.0,0.0,0.0,0.0,0.94548,0.0
2154,0.0,0.0,0.0,0.0,0.0,0.0,0.0,0.0,0.94268,0.0
2155,0.0,0.0,0.0,0.0,0.0,0.0,0.0,0.0,0.94438,0.0
2156,0.0,0.0,0.0,0.0,0.0,0.0,0.0,0.0,0.93979,0.0
2157,0.0,0.0,0.0,0.0,0.0,0.0,0.0,0.0,0.94313,0.0
2158,0.0,0.0,0.0,0.0,0.0,0.0,0.0,0.0,0.93709,0.0
2159,0.0,0.0,0.0,0.0,0.0,0.0,0.0,0.0,0.94404,0.0
2160,0.0,0.0,0.0,0.0,0.0,0.0,0.0,0.0,0.93796,0.0
2161,0.0,0.0,0.0,0.0,0.0,0.0,0.0,0.0,0.94232,0.0
2162,0.0,0.0,0.0,0.0,0.0,0.0,0.0,0.0,0.93382,0.0
2163,0.0,0.0,0.0,0.0,0.0,0.0,0.0,0.0,0.94628,0.0
2164,0.0,0.0,0.0,0.0,0.0,0.0,0.0,0.0,0.93076,0.0
2165,0.0,0.0,0.0,0.0,0.0,0.0,0.0,0.0,0.94448,0.0
2166,0.0,0.0,0.0,0.0,0.0,0.0,0.0,0.0,0.93935,0.0
2167,0.0,0.0,0.0,0.0,0.0,0.0,0.0,0.0,0.94114,0.0
2168,0.0,0.0,0.0,0.0,0.0,0.0,0.0,0.0,0.94026,0.0
2169,0.0,0.0,0.0,0.0,0.0,0.0,0.0,0.0,0.94164,0.0
2170,0.0,0.0,0.0,0.0,0.0,0.0,0.0,0.0,0.94068,0.0
2171,0.0,0.0,0.0,0.0,0.0,0.0,0.0,0.0,0.9424,0.0
2172,0.0,0.0,0.0,0.0,0.0,0.0,0.0,0.0,0.94213,0.0
2173,0.0,0.0,0.0,0.0,0.0,0.0,0.0,0.0,0.9442,0.0
2174,0.0,0.0,0.0,0.0,0.0,0.0,0.0,0.0,0.94348,0.0
2175,0.0,0.0,0.0,0.0,0.0,0.0,0.0,0.0,0.94538,0.0
2176,0.0,0.0,0.0,0.0,0.0,0.0,0.0,0.0,0.94511,0.0
2177,0.0,0.0,0.0,0.0,0.0,0.0,0.0,0.0,0.94593,0.0
2178,0.0,0.0,0.0,0.0,0.0,0.0,0.0,0.0,0.94578,0.0
2179,0.0,0.0,0.0,0.0,0.0,0.0,0.0,0.0,0.94654,0.0
2180,0.0,0.0,0.0,0.0,0.0,0.0,0.0,0.0,0.94663,0.0
2181,0.0,0.0,0.0,0.0,0.0,0.0,0.0,0.0,0.94921,0.0
2182,0.0,0.0,0.0,0.0,0.0,0.0,0.0,0.0,0.94832,0.0
2183,0.0,0.0,0.0,0.0,0.0,0.0,0.0,0.0,0.95229,0.0
2184,0.0,0.0,0.0,0.0,0.0,0.0,0.0,0.0,0.94928,0.0
2185,0.0,0.0,0.0,0.0,0.0,0.0,0.0,0.0,0.95249,0.0
2186,0.0,0.0,0.0,0.0,0.0,0.0,0.0,0.0,0.9503,0.0
2187,0.0,0.0,0.0,0.0,0.0,0.0,0.0,0.0,0.95495,0.0
2188,0.0,0.0,0.0,0.0,0.0,0.0,0.0,0.0,0.95753,0.0
2189,0.0,0.0,0.0,0.0,0.0,0.0,0.0,0.0,0.95553,0.0
2190,0.0,0.0,0.0,0.0,0.0,0.0,0.0,0.0,0.95715,0.0
2191,0.0,0.0,0.0,0.0,0.0,0.0,0.0,0.0,0.95623,0.0
2192,0.0,0.0,0.0,0.0,0.0,0.0,0.0,0.0,0.95821,0.0
2193,0.0,0.0,0.0,0.0,0.0,0.0,0.0,0.0,0.95752,0.0
2194,0.0,0.0,0.0,0.0,0.0,0.0,0.0,0.0,0.959,0.0
2195,0.0,0.0,0.0,0.0,0.0,0.0,0.0,0.0,0.9594,0.0
2196,0.0,0.0,0.0,0.0,0.0,0.0,0.0,0.0,0.96185,0.0
2197,0.0,0.0,0.0,0.0,0.0,0.0,0.0,0.0,0.96256,0.0
2198,0.0,0.0,0.0,0.0,0.0,0.0,0.0,0.0,0.96294,0.0
2199,0.0,0.0,0.0,0.0,0.0,0.0,0.0,0.0,0.96357,0.0
2200,0.0,0.0,0.0,0.0,0.0,0.0,0.0,0.0,0.96423,0.0
2201,0.0,0.0,0.0,0.0,0.0,0.0,0.0,0.0,0.96508,0.0
2202,0.0,0.0,0.0,0.0,0.0,0.0,0.0,0.0,0.96664,0.0
2203,0.0,0.0,0.0,0.0,0.0,0.0,0.0,0.0,0.96719,0.0
2204,0.0,0.0,0.0,0.0,0.0,0.0,0.0,0.0,0.96818,0.0
2205,0.0,0.0,0.0,0.0,0.0,0.0,0.0,0.0,0.96773,0.0
2206,0.0,0.0,0.0,0.0,0.0,0.0,0.0,0.0,0.96827,0.0
2207,0.0,0.0,0.0,0.0,0.0,0.0,0.0,0.0,0.96805,0.0
2208,0.0,0.0,0.0,0.0,0.0,0.0,0.0,0.0,0.96916,0.0
2209,0.0,0.0,0.0,0.0,0.0,0.0,0.0,0.0,0.96973,0.0
2210,0.0,0.0,0.0,0.0,0.0,0.0,0.0,0.0,0.97098,0.0
2211,0.0,0.0,0.0,0.0,0.0,0.0,0.0,0.0,0.97151,0.0
2212,0.0,0.0,0.0,0.0,0.0,0.0,0.0,0.0,0.97222,0.0
2213,0.0,0.0,0.0,0.0,0.0,0.0,0.0,0.0,0.9724,0.0
2214,0.0,0.0,0.0,0.0,0.0,0.0,0.0,0.0,0.97222,0.0
2215,0.0,0.0,0.0,0.0,0.0,0.0,0.0,0.0,0.97264,0.0
2216,0.0,0.0,0.0,0.0,0.0,0.0,0.0,0.0,0.97415,0.0
2217,0.0,0.0,0.0,0.0,0.0,0.0,0.0,0.0,0.97548,0.0
2218,0.0,0.0,0.0,0.0,0.0,0.0,0.0,0.0,0.97617,0.0
2219,0.0,0.0,0.0,0.0,0.0,0.0,0.0,0.0,0.97603,0.0
2220,0.0,0.0,0.0,0.0,0.0,0.0,0.0,0.0,0.97633,0.0
2221,0.0,0.0,0.0,0.0,0.0,0.0,0.0,0.0,0.97583,0.0
2222,0.0,0.0,0.0,0.0,0.0,0.0,0.0,0.0,0.97657,0.0
2223,0.0,0.0,0.0,0.0,0.0,0.0,0.0,0.0,0.97697,0.0
2224,0.0,0.0,0.0,0.0,0.0,0.0,0.0,0.0,0.97783,0.0
2225,0.0,0.0,0.0,0.0,0.0,0.0,0.0,0.0,0.97788,0.0
2226,0.0,0.0,0.0,0.0,0.0,0.0,0.0,0.0,0.97839,0.0
2227,0.0,0.0,0.0,0.0,0.0,0.0,0.0,0.0,0.97723,0.0
2228,0.0,0.0,0.0,0.0,0.0,0.0,0.0,0.0,0.97758,0.0
2229,0.0,0.0,0.0,0.0,0.0,0.0,0.0,0.0,0.9771,0.0
2230,0.0,0.0,0.0,0.0,0.0,0.0,0.0,0.0,0.97751,0.0
2231,0.0,0.0,0.0,0.0,0.0,0.0,0.0,0.0,0.97817,0.0
2232,0.0,0.0,0.0,0.0,0.0,0.0,0.0,0.0,0.97957,0.0
2233,0.0,0.0,0.0,0.0,0.0,0.0,0.0,0.0,0.97934,0.0
2234,0.0,0.0,0.0,0.0,0.0,0.0,0.0,0.0,0.97922,0.0
2235,0.0,0.0,0.0,0.0,0.0,0.0,0.0,0.0,0.97899,0.0
2236,0.0,0.0,0.0,0.0,0.0,0.0,0.0,0.0,0.97945,0.0
2237,0.0,0.0,0.0,0.0,0.0,0.0,0.0,0.0,0.97949,0.0
2238,0.0,0.0,0.0,0.0,0.0,0.0,0.0,0.0,0.98107,0.0
2239,0.0,0.0,0.0,0.0,0.0,0.0,0.0,0.0,0.98148,0.0
2240,0.0,0.0,0.0,0.0,0.0,0.0,0.0,0.0,0.98162,0.0
2241,0.0,0.0,0.0,0.0,0.0,0.0,0.0,0.0,0.98027,0.0
2242,0.0,0.0,0.0,0.0,0.0,0.0,0.0,0.0,0.98072,0.0
2243,0.0,0.0,0.0,0.0,0.0,0.0,0.0,0.0,0.9803,0.0
2244,0.0,0.0,0.0,0.0,0.0,0.0,0.0,0.0,0.98081,0.0
2245,0.0,0.0,0.0,0.0,0.0,0.0,0.0,0.0,0.98128,0.0
2246,0.0,0.0,0.0,0.0,0.0,0.0,0.0,0.0,0.98203,0.0
2247,0.0,0.0,0.0,0.0,0.0,0.0,0.0,0.0,0.98199,0.0
2248,0.0,0.0,0.0,0.0,0.0,0.0,0.0,0.0,0.98203,0.0
2249,0.0,0.0,0.0,0.0,0.0,0.0,0.0,0.0,0.98189,0.0
2250,0.0,0.0,0.0,0.0,0.0,0.0,0.0,0.0,0.98204,0.0
2251,0.0,0.0,0.0,0.0,0.0,0.0,0.0,0.0,0.98161,0.0
2252,0.0,0.0,0.0,0.0,0.0,0.0,0.0,0.0,0.98362,0.0
2253,0.0,0.0,0.0,0.0,0.0,0.0,0.0,0.0,0.98406,0.0
2254,0.0,0.0,0.0,0.0,0.0,0.0,0.0,0.0,0.9846,0.0
2255,0.0,0.0,0.0,0.0,0.0,0.0,0.0,0.0,0.98377,0.0
2256,0.0,0.0,0.0,0.0,0.0,0.0,0.0,0.0,0.9832,0.0
2257,0.0,0.0,0.0,0.0,0.0,0.0,0.0,0.0,0.98276,0.0
2258,0.0,0.0,0.0,0.0,0.0,0.0,0.0,0.0,0.98335,0.0
2259,0.0,0.0,0.0,0.0,0.0,0.0,0.0,0.0,0.98323,0.0
2260,0.0,0.0,0.0,0.0,0.0,0.0,0.0,0.0,0.98447,0.0
2261,0.0,0.0,0.0,0.0,0.0,0.0,0.0,0.0,0.98506,0.0
2262,0.0,0.0,0.0,0.0,0.0,0.0,0.0,0.0,0.98417,0.0
2263,0.0,0.0,0.0,0.0,0.0,0.0,0.0,0.0,0.98493,0.0
2264,0.0,0.0,0.0,0.0,0.0,0.0,0.0,0.0,0.98352,0.0
2265,0.0,0.0,0.0,0.0,0.0,0.0,0.0,0.0,0.98471,0.0
2266,0.0,0.0,0.0,0.0,0.0,0.0,0.0,0.0,0.98523,0.0
2267,0.0,0.0,0.0,0.0,0.0,0.0,0.0,0.0,0.98698,0.0
2268,0.0,0.0,0.0,0.0,0.0,0.0,0.0,0.0,0.9875,0.0
2269,0.0,0.0,0.0,0.0,0.0,0.0,0.0,0.0,0.988,0.0
2270,0.0,0.0,0.0,0.0,0.0,0.0,0.0,0.0,0.98853,0.0
2271,0.0,0.0,0.0,0.0,0.0,0.0,0.0,0.0,0.98874,0.0
2272,0.0,0.0,0.0,0.0,0.0,0.0,0.0,0.0,0.98975,0.0
2273,0.0,0.0,0.0,0.0,0.0,0.0,0.0,0.0,0.991,0.0
2274,0.0,0.0,0.0,0.0,0.0,0.0,0.0,0.0,0.99264,0.0
2275,0.0,0.0,0.0,0.0,0.0,0.0,0.0,0.0,0.99386,0.0
2276,0.0,0.0,0.0,0.0,0.0,0.0,0.0,0.0,0.9944,0.0
2277,0.0,0.0,0.0,0.0,0.0,0.0,0.0,0.0,0.99424,0.0
2278,0.0,0.0,0.0,0.0,0.0,0.0,0.0,0.0,0.99426,0.0
2279,0.0,0.0,0.0,0.0,0.0,0.0,0.0,0.0,0.99532,0.0
2280,0.0,0.0,0.0,0.0,0.0,0.0,0.0,0.0,0.99651,0.0
2281,0.0,0.0,0.0,0.0,0.0,0.0,0.0,0.0,0.99749,0.0
2282,0.0,0.0,0.0,0.0,0.0,0.0,0.0,0.0,0.99721,0.0
2283,0.0,0.0,0.0,0.0,0.0,0.0,0.0,0.0,0.99768,0.0
2284,0.0,0.0,0.0,0.0,0.0,0.0,0.0,0.0,0.99772,0.0
2285,0.0,0.0,0.0,0.0,0.0,0.0,0.0,0.0,0.99765,0.0
2286,0.0,0.0,0.0,0.0,0.0,0.0,0.0,0.0,0.9979,0.0
2287,0.0,0.0,0.0,0.0,0.0,0.0,0.0,0.0,0.99873,0.0
2288,0.0,0.0,0.0,0.0,0.0,0.0,0.0,0.0,0.9991,0.0
2289,0.0,0.0,0.0,0.0,0.0,0.0,0.0,0.0,1.0,0.0
2290,0.0,0.0,0.0,0.0,0.0,0.0,0.0,0.0,0.99961,0.0
2291,0.0,0.0,0.0,0.0,0.0,0.0,0.0,0.0,0.99917,0.0
2292,0.0,0.0,0.0,0.0,0.0,0.0,0.0,0.0,0.99858,0.0
2293,0.0,0.0,0.0,0.0,0.0,0.0,0.0,0.0,0.99813,0.0
2294,0.0,0.0,0.0,0.0,0.0,0.0,0.0,0.0,0.99912,0.0
2295,0.0,0.0,0.0,0.0,0.0,0.0,0.0,0.0,0.99919,0.0
2296,0.0,0.0,0.0,0.0,0.0,0.0,0.0,0.0,0.99923,0.0
2297,0.0,0.0,0.0,0.0,0.0,0.0,0.0,0.0,0.99833,0.0
2298,0.0,0.0,0.0,0.0,0.0,0.0,0.0,0.0,0.99741,0.0
2299,0.0,0.0,0.0,0.0,0.0,0.0,0.0,0.0,0.99646,0.0
2300,0.0,0.0,0.0,0.0,0.0,0.0,0.0,0.0,0.99632,0.0
2301,0.0,0.0,0.0,0.0,0.0,0.0,0.0,0.0,0.99504,0.0
2302,0.0,0.0,0.0,0.0,0.0,0.0,0.0,0.0,0.99503,0.0
2303,0.0,0.0,0.0,0.0,0.0,0.0,0.0,0.0,0.99418,0.0
2304,0.0,0.0,0.0,0.0,0.0,0.0,0.0,0.0,0.99305,0.0
2305,0.0,0.0,0.0,0.0,0.0,0.0,0.0,0.0,0.99168,0.0
2306,0.0,0.0,0.0,0.0,0.0,0.0,0.0,0.0,0.99084,0.0
2307,0.0,0.0,0.0,0.0,0.0,0.0,0.0,0.0,0.9895,0.0
2308,0.0,0.0,0.0,0.0,0.0,0.0,0.0,0.0,0.98811,0.0
2309,0.0,0.0,0.0,0.0,0.0,0.0,0.0,0.0,0.98754,0.0
2310,0.0,0.0,0.0,0.0,0.0,0.0,0.0,0.0,0.98707,0.0
2311,0.0,0.0,0.0,0.0,0.0,0.0,0.0,0.0,0.98604,0.0
2312,0.0,0.0,0.0,0.0,0.0,0.0,0.0,0.0,0.98492,0.0
2313,0.0,0.0,0.0,0.0,0.0,0.0,0.0,0.0,0.98272,0.0
2314,0.0,0.0,0.0,0.0,0.0,0.0,0.0,0.0,0.98093,0.0
2315,0.0,0.0,0.0,0.0,0.0,0.0,0.0,0.0,0.9805,0.0
2316,0.0,0.0,0.0,0.0,0.0,0.0,0.0,0.0,0.9795,0.0
2317,0.0,0.0,0.0,0.0,0.0,0.0,0.0,0.0,0.97897,0.0
2318,0.0,0.0,0.0,0.0,0.0,0.0,0.0,0.0,0.97825,0.0
2319,0.0,0.0,0.0,0.0,0.0,0.0,0.0,0.0,0.97711,0.0
2320,0.0,0.0,0.0,0.0,0.0,0.0,0.0,0.0,0.9764,0.0
2321,0.0,0.0,0.0,0.0,0.0,0.0,0.0,0.0,0.97491,0.0
2322,0.0,0.0,0.0,0.0,0.0,0.0,0.0,0.0,0.97483,0.0
2323,0.0,0.0,0.0,0.0,0.0,0.0,0.0,0.0,0.97377,0.0
2324,0.0,0.0,0.0,0.0,0.0,0.0,0.0,0.0,0.97351,0.0
2325,0.0,0.0,0.0,0.0,0.0,0.0,0.0,0.0,0.97328,0.0
2326,0.0,0.0,0.0,0.0,0.0,0.0,0.0,0.0,0.97155,0.0
2327,0.0,0.0,0.0,0.0,0.0,0.0,0.0,0.0,0.96923,0.0
2328,0.0,0.0,0.0,0.0,0.0,0.0,0.0,0.0,0.96701,0.0
2329,0.0,0.0,0.0,0.0,0.0,0.0,0.0,0.0,0.96426,0.0
2330,0.0,0.0,0.0,0.0,0.0,0.0,0.0,0.0,0.96265,0.0
2331,0.0,0.0,0.0,0.0,0.0,0.0,0.0,0.0,0.96033,0.0
2332,0.0,0.0,0.0,0.0,0.0,0.0,0.0,0.0,0.95824,0.0
2333,0.0,0.0,0.0,0.0,0.0,0.0,0.0,0.0,0.95503,0.0
2334,0.0,0.0,0.0,0.0,0.0,0.0,0.0,0.0,0.95232,0.0
2335,0.0,0.0,0.0,0.0,0.0,0.0,0.0,0.0,0.94846,0.0
2336,0.0,0.0,0.0,0.0,0.0,0.0,0.0,0.0,0.9449,0.0
2337,0.0,0.0,0.0,0.0,0.0,0.0,0.0,0.0,0.94123,0.0
2338,0.0,0.0,0.0,0.0,0.0,0.0,0.0,0.0,0.93783,0.0
2339,0.0,0.0,0.0,0.0,0.0,0.0,0.0,0.0,0.93272,0.0
2340,0.0,0.0,0.0,0.0,0.0,0.0,0.0,0.0,0.92813,0.0
2341,0.0,0.0,0.0,0.0,0.0,0.0,0.0,0.0,0.92202,0.0
2342,0.0,0.0,0.0,0.0,0.0,0.0,0.0,0.0,0.91502,0.0
2343,0.0,0.0,0.0,0.0,0.0,0.0,0.0,0.0,0.90767,0.0
2344,0.0,0.0,0.0,0.0,0.0,0.0,0.0,0.0,0.89894,0.0
2345,0.0,0.0,0.0,0.0,0.0,0.0,0.0,0.0,0.88981,0.0
2346,0.0,0.0,0.0,0.0,0.0,0.0,0.0,0.0,0.87966,0.0
2347,0.0,0.0,0.0,0.0,0.0,0.0,0.0,0.0,0.86743,0.0
2348,0.0,0.0,0.0,0.0,0.0,0.0,0.0,0.0,0.85398,0.0
2349,0.0,0.0,0.0,0.0,0.0,0.0,0.0,0.0,0.83998,0.0
2350,0.0,0.0,0.0,0.0,0.0,0.0,0.0,0.0,0.82276,0.0
2351,0.0,0.0,0.0,0.0,0.0,0.0,0.0,0.0,0.80392,0.0
2352,0.0,0.0,0.0,0.0,0.0,0.0,0.0,0.0,0.78296,0.0
2353,0.0,0.0,0.0,0.0,0.0,0.0,0.0,0.0,0.76193,0.0
2354,0.0,0.0,0.0,0.0,0.0,0.0,0.0,0.0,0.73887,0.0
2355,0.0,0.0,0.0,0.0,0.0,0.0,0.0,0.0,0.71547,0.0
2356,0.0,0.0,0.0,0.0,0.0,0.0,0.0,0.0,0.68978,0.0
2357,0.0,0.0,0.0,0.0,0.0,0.0,0.0,0.0,0.66259,0.0
2358,0.0,0.0,0.0,0.0,0.0,0.0,0.0,0.0,0.63582,0.0
2359,0.0,0.0,0.0,0.0,0.0,0.0,0.0,0.0,0.60853,0.0
2360,0.0,0.0,0.0,0.0,0.0,0.0,0.0,0.0,0.58083,0.0
2361,0.0,0.0,0.0,0.0,0.0,0.0,0.0,0.0,0.55199,0.0
2362,0.0,0.0,0.0,0.0,0.0,0.0,0.0,0.0,0.52532,0.0
2363,0.0,0.0,0.0,0.0,0.0,0.0,0.0,0.0,0.49658,0.0
2364,0.0,0.0,0.0,0.0,0.0,0.0,0.0,0.0,0.4679,0.0
2365,0.0,0.0,0.0,0.0,0.0,0.0,0.0,0.0,0.44151,0.0
2366,0.0,0.0,0.0,0.0,0.0,0.0,0.0,0.0,0.41435,0.0
2367,0.0,0.0,0.0,0.0,0.0,0.0,0.0,0.0,0.38851,0.0
2368,0.0,0.0,0.0,0.0,0.0,0.0,0.0,0.0,0.36417,0.0
2369,0.0,0.0,0.0,0.0,0.0,0.0,0.0,0.0,0.3401,0.0
2370,0.0,0.0,0.0,0.0,0.0,0.0,0.0,0.0,0.31716,0.0
2371,0.0,0.0,0.0,0.0,0.0,0.0,0.0,0.0,0.29515,0.0
2372,0.0,0.0,0.0,0.0,0.0,0.0,0.0,0.0,0.27461,0.0
2373,0.0,0.0,0.0,0.0,0.0,0.0,0.0,0.0,0.2549,0.0
2374,0.0,0.0,0.0,0.0,0.0,0.0,0.0,0.0,0.23656,0.0
2375,0.0,0.0,0.0,0.0,0.0,0.0,0.0,0.0,0.22078,0.0
2376,0.0,0.0,0.0,0.0,0.0,0.0,0.0,0.0,0.20399,0.0
2377,0.0,0.0,0.0,0.0,0.0,0.0,0.0,0.0,0.1892,0.0
2378,0.0,0.0,0.0,0.0,0.0,0.0,0.0,0.0,0.17561,0.0
2379,0.0,0.0,0.0,0.0,0.0,0.0,0.0,0.0,0.16219,0.0
2380,0.0,0.0,0.0,0.0,0.0,0.0,0.0,0.0,0.15002,0.0
2381,0.0,0.0,0.0,0.0,0.0,0.0,0.0,0.0,0.13912,0.0
2382,0.0,0.0,0.0,0.0,0.0,0.0,0.0,0.0,0.12842,0.0
2383,0.0,0.0,0.0,0.0,0.0,0.0,0.0,0.0,0.11846,0.0
2384,0.0,0.0,0.0,0.0,0.0,0.0,0.0,0.0,0.10987,0.0
2385,0.0,0.0,0.0,0.0,0.0,0.0,0.0,0.0,0.10131,0.0
2386,0.0,0.0,0.0,0.0,0.0,0.0,0.0,0.0,0.09368,0.0
2387,0.0,0.0,0.0,0.0,0.0,0.0,0.0,0.0,0.0866,0.0
2388,0.0,0.0,0.0,0.0,0.0,0.0,0.0,0.0,0.08005,0.0
2389,0.0,0.0,0.0,0.0,0.0,0.0,0.0,0.0,0.07417,0.0
2390,0.0,0.0,0.0,0.0,0.0,0.0,0.0,0.0,0.06873,0.0
2391,0.0,0.0,0.0,0.0,0.0,0.0,0.0,0.0,0.06375,0.0
2392,0.0,0.0,0.0,0.0,0.0,0.0,0.0,0.0,0.05885,0.0
2393,0.0,0.0,0.0,0.0,0.0,0.0,0.0,0.0,0.0546,0.0
2394,0.0,0.0,0.0,0.0,0.0,0.0,0.0,0.0,0.05065,0.0
2395,0.0,0.0,0.0,0.0,0.0,0.0,0.0,0.0,0.04689,0.0
2396,0.0,0.0,0.0,0.0,0.0,0.0,0.0,0.0,0.0434,0.0
2397,0.0,0.0,0.0,0.0,0.0,0.0,0.0,0.0,0.04051,0.0
2398,0.0,0.0,0.0,0.0,0.0,0.0,0.0,0.0,0.0375,0.0
2399,0.0,0.0,0.0,0.0,0.0,0.0,0.0,0.0,0.03491,0.0
2400,0.0,0.0,0.0,0.0,0.0,0.0,0.0,0.0,0.03238,0.0
2401,0.0,0.0,0.0,0.0,0.0,0.0,0.0,0.0,0.02997,0.0
2402,0.0,0.0,0.0,0.0,0.0,0.0,0.0,0.0,0.02772,0.0
2403,0.0,0.0,0.0,0.0,0.0,0.0,0.0,0.0,0.02587,0.0
2404,0.0,0.0,0.0,0.0,0.0,0.0,0.0,0.0,0.02394,0.0
2405,0.0,0.0,0.0,0.0,0.0,0.0,0.0,0.0,0.02226,0.0
2406,0.0,0.0,0.0,0.0,0.0,0.0,0.0,0.0,0.02065,0.0
2407,0.0,0.0,0.0,0.0,0.0,0.0,0.0,0.0,0.01919,0.0
2408,0.0,0.0,0.0,0.0,0.0,0.0,0.0,0.0,0.01782,0.0
2409,0.0,0.0,0.0,0.0,0.0,0.0,0.0,0.0,0.0167,0.0
2410,0.0,0.0,0.0,0.0,0.0,0.0,0.0,0.0,0.01551,0.0
2411,0.0,0.0,0.0,0.0,0.0,0.0,0.0,0.0,0.01446,0.0
2412,0.0,0.0,0.0,0.0,0.0,0.0,0.0,0.0,0.01351,0.0
2413,0.0,0.0,0.0,0.0,0.0,0.0,0.0,0.0,0.01252,0.0
2414,0.0,0.0,0.0,0.0,0.0,0.0,0.0,0.0,0.01175,0.0
2415,0.0,0.0,0.0,0.0,0.0,0.0,0.0,0.0,0.01094,0.0
2416,0.0,0.0,0.0,0.0,0.0,0.0,0.0,0.0,0.01016,0.0
2417,0.0,0.0,0.0,0.0,0.0,0.0,0.0,0.0,0.00959,0.0
2418,0.0,0.0,0.0,0.0,0.0,0.0,0.0,0.0,0.00895,0.0
2419,0.0,0.0,0.0,0.0,0.0,0.0,0.0,0.0,0.00838,0.0
2420,0.0,0.0,0.0,0.0,0.0,0.0,0.0,0.0,0.00784,0.0
2421,0.0,0.0,0.0,0.0,0.0,0.0,0.0,0.0,0.00733,0.0
2422,0.0,0.0,0.0,0.0,0.0,0.0,0.0,0.0,0.00683,0.0
2423,0.0,0.0,0.0,0.0,0.0,0.0,0.0,0.0,0.00648,0.0
2424,0.0,0.0,0.0,0.0,0.0,0.0,0.0,0.0,0.00606,0.0
2425,0.0,0.0,0.0,0.0,0.0,0.0,0.0,0.0,0.00563,0.0
2426,0.0,0.0,0.0,0.0,0.0,0.0,0.0,0.0,0.00526,0.0
2427,0.0,0.0,0.0,0.0,0.0,0.0,0.0,0.0,0.00498,0.0
2428,0.0,0.0,0.0,0.0,0.0,0.0,0.0,0.0,0.00466,0.0
2429,0.0,0.0,0.0,0.0,0.0,0.0,0.0,0.0,0.00439,0.0
2430,0.0,0.0,0.0,0.0,0.0,0.0,0.0,0.0,0.00413,0.0
2431,0.0,0.0,0.0,0.0,0.0,0.0,0.0,0.0,0.00387,0.0
2432,0.0,0.0,0.0,0.0,0.0,0.0,0.0,0.0,0.00367,0.0
2433,0.0,0.0,0.0,0.0,0.0,0.0,0.0,0.0,0.00334,0.0
2434,0.0,0.0,0.0,0.0,0.0,0.0,0.0,0.0,0.00328,0.0
2435,0.0,0.0,0.0,0.0,0.0,0.0,0.0,0.0,0.00298,0.0
2436,0.0,0.0,0.0,0.0,0.0,0.0,0.0,0.0,0.00288,0.0
2437,0.0,0.0,0.0,0.0,0.0,0.0,0.0,0.0,0.00265,0.0
2438,0.0,0.0,0.0,0.0,0.0,0.0,0.0,0.0,0.00254,0.0
2439,0.0,0.0,0.0,0.0,0.0,0.0,0.0,0.0,0.00242,0.0
2440,0.0,0.0,0.0,0.0,0.0,0.0,0.0,0.0,0.00224,0.0
2441,0.0,0.0,0.0,0.0,0.0,0.0,0.0,0.0,0.00212,0.0
2442,0.0,0.0,0.0,0.0,0.0,0.0,0.0,0.0,0.00198,0.0
2443,0.0,0.0,0.0,0.0,0.0,0.0,0.0,0.0,0.00189,0.0
2444,0.0,0.0,0.0,0.0,0.0,0.0,0.0,0.0,0.00179,0.0
2445,0.0,0.0,0.0,0.0,0.0,0.0,0.0,0.0,0.00163,0.0
2446,0.0,0.0,0.0,0.0,0.0,0.0,0.0,0.0,0.00154,0.0
2447,0.0,0.0,0.0,0.0,0.0,0.0,0.0,0.0,0.0015,0.0
2448,0.0,0.0,0.0,0.0,0.0,0.0,0.0,0.0,0.00138,0.0
2449,0.0,0.0,0.0,0.0,0.0,0.0,0.0,0.0,0.0013,0.0
2450,0.0,0.0,0.0,0.0,0.0,0.0,0.0,0.0,0.00123,0.0
2451,0.0,0.0,0.0,0.0,0.0,0.0,0.0,0.0,0.00117,0.0
2452,0.0,0.0,0.0,0.0,0.0,0.0,0.0,0.0,0.00109,0.0
2453,0.0,0.0,0.0,0.0,0.0,0.0,0.0,0.0,0.00104,0.0
2454,0.0,0.0,0.0,0.0,0.0,0.0,0.0,0.0,0.001,0.0
2455,0.0,0.0,0.0,0.0,0.0,0.0,0.0,0.0,0.00093,0.0
2456,0.0,0.0,0.0,0.0,0.0,0.0,0.0,0.0,0.00085,0.0
2457,0.0,0.0,0.0,0.0,0.0,0.0,0.0,0.0,0.00086,0.0
2458,0.0,0.0,0.0,0.0,0.0,0.0,0.0,0.0,0.00078,0.0
2459,0.0,0.0,0.0,0.0,0.0,0.0,0.0,0.0,0.00071,0.0
2460,0.0,0.0,0.0,0.0,0.0,0.0,0.0,0.0,0.00067,0.0
2461,0.0,0.0,0.0,0.0,0.0,0.0,0.0,0.0,0.00066,0.0
2462,0.0,0.0,0.0,0.0,0.0,0.0,0.0,0.0,0.00061,0.0
2463,0.0,0.0,0.0,0.0,0.0,0.0,0.0,0.0,0.0006,0.0
2464,0.0,0.0,0.0,0.0,0.0,0.0,0.0,0.0,0.00056,0.0
2465,0.0,0.0,0.0,0.0,0.0,0.0,0.0,0.0,0.00051,0.0
2466,0.0,0.0,0.0,0.0,0.0,0.0,0.0,0.0,0.00049,0.0
2467,0.0,0.0,0.0,0.0,0.0,0.0,0.0,0.0,0.00045,0.0
2468,0.0,0.0,0.0,0.0,0.0,0.0,0.0,0.0,0.00047,0.0
2469,0.0,0.0,0.0,0.0,0.0,0.0,0.0,0.0,0.00039,0.0
2470,0.0,0.0,0.0,0.0,0.0,0.0,0.0,0.0,0.00042,0.0
2471,0.0,0.0,0.0,0.0,0.0,0.0,0.0,0.0,0.00035,0.0
2472,0.0,0.0,0.0,0.0,0.0,0.0,0.0,0.0,0.00039,0.0
2473,0.0,0.0,0.0,0.0,0.0,0.0,0.0,0.0,0.0003,0.0
2474,0.0,0.0,0.0,0.0,0.0,0.0,0.0,0.0,0.00032,0.0
2475,0.0,0.0,0.0,0.0,0.0,0.0,0.0,0.0,0.00031,0.0
2476,0.0,0.0,0.0,0.0,0.0,0.0,0.0,0.0,0.00028,0.0
2477,0.0,0.0,0.0,0.0,0.0,0.0,0.0,0.0,0.00027,0.0
2478,0.0,0.0,0.0,0.0,0.0,0.0,0.0,0.0,0.00023,0.0
2479,0.0,0.0,0.0,0.0,0.0,0.0,0.0,0.0,0.00025,0.0
2480,0.0,0.0,0.0,0.0,0.0,0.0,0.0,0.0,0.00025,0.0
2481,0.0,0.0,0.0,0.0,0.0,0.0,0.0,0.0,0.00021,0.0
2482,0.0,0.0,0.0,0.0,0.0,0.0,0.0,0.0,0.00023,0.0
2483,0.0,0.0,0.0,0.0,0.0,0.0,0.0,0.0,0.00017,0.0
2484,0.0,0.0,0.0,0.0,0.0,0.0,0.0,0.0,0.0002,0.0
2485,0.0,0.0,0.0,0.0,0.0,0.0,0.0,0.0,0.00021,0.0
2486,0.0,0.0,0.0,0.0,0.0,0.0,0.0,0.0,0.00019,0.0
2487,0.0,0.0,0.0,0.0,0.0,0.0,0.0,0.0,0.00018,0.0
2488,0.0,0.0,0.0,0.0,0.0,0.0,0.0,0.0,0.00016,0.0
2489,0.0,0.0,0.0,0.0,0.0,0.0,0.0,0.0,0.00017,0.0
2490,0.0,0.0,0.0,0.0,0.0,0.0,0.0,0.0,0.00017,0.0
2491,0.0,0.0,0.0,0.0,0.0,0.0,0.0,0.0,0.00017,0.0
2492,0.0,0.0,0.0,0.0,0.0,0.0,0.0,0.0,0.00016,0.0
2493,0.0,0.0,0.0,0.0,0.0,0.0,0.0,0.0,0.00012,0.0
2494,0.0,0.0,0.0,0.0,0.0,0.0,0.0,0.0,0.00014,0.0
2495,0.0,0.0,0.0,0.0,0.0,0.0,0.0,0.0,0.00013,0.0
2496,0.0,0.0,0.0,0.0,0.0,0.0,0.0,0.0,0.00014,0.0
2497,0.0,0.0,0.0,0.0,0.0,0.0,0.0,0.0,0.00013,0.0
2498,0.0,0.0,0.0,0.0,0.0,0.0,0.0,0.0,0.00013,0.0
2499,0.0,0.0,0.0,0.0,0.0,0.0,0.0,0.0,0.0001,0.0
2500,0.0,0.0,0.0,0.0,0.0,0.0,0.0,0.0,0.00011,0.0
2501,0.0,0.0,0.0,0.0,0.0,0.0,0.0,0.0,0.00013,0.0
2502,0.0,0.0,0.0,0.0,0.0,0.0,0.0,0.0,0.00013,0.0
2503,0.0,0.0,0.0,0.0,0.0,0.0,0.0,0.0,0.00012,0.0
2504,0.0,0.0,0.0,0.0,0.0,0.0,0.0,0.0,0.0001,0.0
2505,0.0,0.0,0.0,0.0,0.0,0.0,0.0,0.0,0.00012,0.0
2506,0.0,0.0,0.0,0.0,0.0,0.0,0.0,0.0,0.00011,0.0
2507,0.0,0.0,0.0,0.0,0.0,0.0,0.0,0.0,0.00011,0.0
2508,0.0,0.0,0.0,0.0,0.0,0.0,0.0,0.0,0.0001,0.0
2509,0.0,0.0,0.0,0.0,0.0,0.0,0.0,0.0,0.00011,0.0
2510,0.0,0.0,0.0,0.0,0.0,0.0,0.0,0.0,7e-05,0.0
2511,0.0,0.0,0.0,0.0,0.0,0.0,0.0,0.0,9e-05,0.0
2512,0.0,0.0,0.0,0.0,0.0,0.0,0.0,0.0,9e-05,0.0
2513,0.0,0.0,0.0,0.0,0.0,0.0,0.0,0.0,0.0001,0.0
2514,0.0,0.0,0.0,0.0,0.0,0.0,0.0,0.0,8e-05,0.0
2515,0.0,0.0,0.0,0.0,0.0,0.0,0.0,0.0,8e-05,0.0
2516,0.0,0.0,0.0,0.0,0.0,0.0,0.0,0.0,7e-05,0.0
2517,0.0,0.0,0.0,0.0,0.0,0.0,0.0,0.0,9e-05,0.0
2518,0.0,0.0,0.0,0.0,0.0,0.0,0.0,0.0,6e-05,0.0
2519,0.0,0.0,0.0,0.0,0.0,0.0,0.0,0.0,7e-05,0.0
2520,0.0,0.0,0.0,0.0,0.0,0.0,0.0,0.0,7e-05,0.0
2521,0.0,0.0,0.0,0.0,0.0,0.0,0.0,0.0,8e-05,0.0
2522,0.0,0.0,0.0,0.0,0.0,0.0,0.0,0.0,6e-05,0.0
2523,0.0,0.0,0.0,0.0,0.0,0.0,0.0,0.0,6e-05,0.0
2524,0.0,0.0,0.0,0.0,0.0,0.0,0.0,0.0,9e-05,0.0
2525,0.0,0.0,0.0,0.0,0.0,0.0,0.0,0.0,6e-05,0.0
2526,0.0,0.0,0.0,0.0,0.0,0.0,0.0,0.0,7e-05,0.0
2527,0.0,0.0,0.0,0.0,0.0,0.0,0.0,0.0,6e-05,0.0
2528,0.0,0.0,0.0,0.0,0.0,0.0,0.0,0.0,7e-05,0.0
2529,0.0,0.0,0.0,0.0,0.0,0.0,0.0,0.0,6e-05,0.0
2530,0.0,0.0,0.0,0.0,0.0,0.0,0.0,0.0,7e-05,0.0
2531,0.0,0.0,0.0,0.0,0.0,0.0,0.0,0.0,6e-05,0.0
2532,0.0,0.0,0.0,0.0,0.0,0.0,0.0,0.0,4e-05,0.0
2533,0.0,0.0,0.0,0.0,0.0,0.0,0.0,0.0,3e-05,0.0
2534,0.0,0.0,0.0,0.0,0.0,0.0,0.0,0.0,5e-05,0.0
2535,0.0,0.0,0.0,0.0,0.0,0.0,0.0,0.0,5e-05,0.0
2536,0.0,0.0,0.0,0.0,0.0,0.0,0.0,0.0,4e-05,0.0
2537,0.0,0.0,0.0,0.0,0.0,0.0,0.0,0.0,3e-05,0.0
2538,0.0,0.0,0.0,0.0,0.0,0.0,0.0,0.0,5e-05,0.0
2539,0.0,0.0,0.0,0.0,0.0,0.0,0.0,0.0,6e-05,0.0
2540,0.0,0.0,0.0,0.0,0.0,0.0,0.0,0.0,5e-05,0.0
2541,0.0,0.0,0.0,0.0,0.0,0.0,0.0,0.0,5e-05,0.0
2542,0.0,0.0,0.0,0.0,0.0,0.0,0.0,0.0,4e-05,0.0
2543,0.0,0.0,0.0,0.0,0.0,0.0,0.0,0.0,5e-05,0.0
2544,0.0,0.0,0.0,0.0,0.0,0.0,0.0,0.0,7e-05,0.0
2545,0.0,0.0,0.0,0.0,0.0,0.0,0.0,0.0,4e-05,0.0
2546,0.0,0.0,0.0,0.0,0.0,0.0,0.0,0.0,2e-05,0.0
2547,0.0,0.0,0.0,0.0,0.0,0.0,0.0,0.0,7e-05,0.0
2548,0.0,0.0,0.0,0.0,0.0,0.0,0.0,0.0,2e-05,0.0
2549,0.0,0.0,0.0,0.0,0.0,0.0,0.0,0.0,4e-05,0.0
2550,0.0,0.0,0.0,0.0,0.0,0.0,0.0,0.0,4e-05,0.0
