nm,Band 1,Band 2,Band 3,Band 4,Band 5,Band 6,Band 7,Band 8,Band 9,Band 10,Band 11,Band 12,Band 13,Band 14,Band 15,Band 16,Band 17,Band 18,Band 19
350,0.00026104,0.00029794,0.00031873,0.00040456,0.0,0.0,0.0,0.00013369,0.0001322,5.727e-05,2.763e-05,4.436e-05,6.115e-05,7.109e-05,3.608e-05,6.049e-05,0.00053647,0.00014411,0.00055119
360,0.00022113,0.00028368,0.00016435,0.00024358,0.0,0.0,0.0,6.521e-05,5.473e-05,2.197e-05,2.134e-05,1.846e-05,8.006e-05,5.47e-05,3.236e-05,3.996e-05,0.00025808,0.00015617,0.0004335
370,0.00015034,0.00030456,0.0001756,0.00012337,0.0,0.0,0.0,3.298e-05,2.659e-05,1.966e-05,2.287e-05,1.24e-05,3.473e-05,1.627e-05,1.082e-05,2.279e-05,0.00018791,7.028e-05,0.00029731
380,9.23e-05,0.00018372,0.0001195,0.00012406,0.0,0.0,0.0,4.653e-05,4.107e-05,1.978e-05,1.822e-05,1.086e-05,4.508e-05,2.371e-05,8.4e-06,3.662e-05,0.00014778,0.00013519,0.00020534
390,6.939e-05,0.00013888,0.00018155,0.00010361,0.0,0.0,0.0,0.00042198,2.971e-05,1.243e-05,1.185e-05,1.953e-05,7.66e-06,2.025e-05,1.025e-05,1.169e-05,8.906e-05,7.614e-05,0.00010011
391,0.0,0.0,0.0,0.0,0.0,0.0,0.0,0.00032886,0.0,0.0,0.0,0.0,0.0,0.0,0.0,0.0,0.0,0.0,0.0
393,0.0,0.0,0.0,0.0,0.0,0.0,0.0,0.0004742,0.0,0.0,0.0,0.0,0.0,0.0,0.0,0.0,0.0,0.0,0.0
394,0.0,0.0,0.0,0.0,0.0,0.0,0.0,0.00058767,0.0,0.0,0.0,0.0,0.0,0.0,0.0,0.0,0.0,0.0,0.0
395,0.0,0.0,0.0,0.0,0.0,0.0,0.0,0.00086126,0.0,0.0,0.0,0.0,0.0,0.0,0.0,0.0,0.0,0.0,0.0
397,0.0,0.0,0.0,0.0,0.0,0.0,0.0,0.00181258,0.0,0.0,0.0,0.0,0.0,0.0,0.0,0.0,0.0,0.0,0.0
398,0.0,0.0,0.0,0.0,0.0,0.0,0.0,0.00337911,0.0,0.0,0.0,0.0,0.0,0.0,0.0,0.0,0.0,0.0,0.0
399,0.0,0.0,0.0,0.0,0.0,0.0,0.0,0.00725756,0.0,0.0,0.0,0.0,0.0,0.0,0.0,0.0,0.0,0.0,0.0
400,0.0001037,0.0001652,0.0013973,9.958e-05,0.0,0.0,0.0,0.0161996,6.588e-05,0.00014414,1.16e-05,0.00012741,1.497e-05,1.559e-05,7.18e-06,1.771e-05,0.00014497,5.494e-05,0.00013975
402,0.0,0.0,0.0,0.0,0.0,0.0,0.0,0.0731352,0.0,0.0,0.0,0.0,0.0,0.0,0.0,0.0,0.0,0.0,0.0
403,0.0,0.0,0.0,0.0,0.0,0.0,0.0,0.243525,0.0,0.0,0.0,0.0,0.0,0.0,0.0,0.0,0.0,0.0,0.0
404,0.0,0.0,0.0,0.0,0.0,0.0,0.0,0.495634,0.0,0.0,0.0,0.0,0.0,0.0,0.0,0.0,0.0,0.0,0.0
406,0.0,0.0,0.0,0.0,0.0,0.0,0.0,0.726977,0.0,0.0,0.0,0.0,0.0,0.0,0.0,0.0,0.0,0.0,0.0
407,0.0,0.0,0.0,0.0,0.0,0.0,0.0,0.679636,0.0,0.0,0.0,0.0,0.0,0.0,0.0,0.0,0.0,0.0,0.0
408,0.0,0.0,0.0,0.0,0.0,0.0,0.0,0.68286,0.0,0.0,0.0,0.0,0.0,0.0,0.0,0.0,0.0,0.0,0.0
410,8.545e-05,9.253e-05,0.00012238,7.758e-05,0.0,0.0,0.0,0.805588,0.00016996,0.00153631,8.36e-06,4.943e-05,1.15e-05,1.246e-05,6.24e-06,2.518e-05,7.992e-05,7.519e-05,0.00013988
411,0.0,0.0,0.0,0.0,0.0,0.0,0.0,0.746249,0.0,0.0,0.0,0.0,0.0,0.0,0.0,0.0,0.0,0.0,0.0
412,0.0,0.0,0.0,0.0,0.0,0.0,0.0,0.531392,0.0,0.0,0.0,0.0,0.0,0.0,0.0,0.0,0.0,0.0,0.0
413,0.0,0.0,0.0,0.0,0.0,0.0,0.0,0.441311,0.0,0.0,0.0,0.0,0.0,0.0,0.0,0.0,0.0,0.0,0.0
415,0.0,0.0,0.0,0.0,0.0,0.0,0.0,0.932612,0.0,0.0,0.0,0.0,0.0,0.0,0.0,0.0,0.0,0.0,0.0
416,0.0,0.0,0.0,0.0,0.0,0.0,0.0,1.0,0.0,0.0,0.0,0.0,0.0,0.0,0.0,0.0,0.0,0.0,0.0
417,0.0,0.0,0.0,0.0,0.0,0.0,0.0,0.905185,0.0,0.0,0.0,0.0,0.0,0.0,0.0,0.0,0.0,0.0,0.0
419,0.0,0.0,0.0,0.0,0.0,0.0,0.0,0.439771,0.0,0.0,0.0,0.0,0.0,0.0,0.0,0.0,0.0,0.0,0.0
420,3.779e-05,7.107e-05,0.00042239,6.569e-05,0.0,0.0,0.0,0.210328,0.00061674,0.00375005,1.303e-05,7.177e-05,1.256e-05,1.372e-05,4.6e-06,1.62e-05,0.00010347,4.4e-05,0.00012823
421,0.0,0.0,0.0,0.0,0.0,0.0,0.0,0.0856633,0.0,0.0,0.0,0.0,0.0,0.0,0.0,0.0,0.0,0.0,0.0
423,0.0,0.0,0.0,0.0,0.0,0.0,0.0,0.0107264,0.0,0.0,0.0,0.0,0.0,0.0,0.0,0.0,0.0,0.0,0.0
424,0.0,0.0,0.0,0.0,0.0,0.0,0.0,0.00479769,0.0,0.0,0.0,0.0,0.0,0.0,0.0,0.0,0.0,0.0,0.0
425,0.0,0.0,0.0,0.0,0.0,0.0,0.0,0.00235889,0.0,0.0,0.0,0.0,0.0,0.0,0.0,0.0,0.0,0.0,0.0
426,0.0,0.0,0.0,0.0,0.0,0.0,0.0,0.00103616,0.0,0.0,0.0,0.0,0.0,0.0,0.0,0.0,0.0,0.0,0.0
428,0.0,0.0,0.0,0.0,0.0,0.0,0.0,0.00022968,0.00031593,0.0,0.0,0.0,0.0,0.0,0.0,0.0,0.0,0.0,0.0
429,0.0,0.0,0.0,0.0,0.0,0.0,0.0,0.00022538,0.00045237,0.0,0.0,0.0,0.0,0.0,0.0,0.0,0.0,0.0,0.0
430,3.019e-05,9.723e-05,0.0007991,0.00010804,0.0,0.0,0.0,0.00010032,0.00074453,0.00109174,6.56e-06,8.345e-05,1.132e-05,8.29e-06,3.17e-06,6.69e-06,7.353e-05,3.856e-05,0.00011747
431,0.0,0.0,0.0,0.0,0.0,0.0,0.0,0.0,0.00135374,0.0,0.0,0.0,0.0,0.0,0.0,0.0,0.0,0.0,0.0
432,0.0,0.0,0.0,0.0,0.0,0.0,0.0,0.00011024,0.00351132,0.0,0.0,0.0,0.0,0.0,0.0,0.0,0.0,0.0,0.0
433,0.0,0.0,0.0,0.0,0.0,0.0,0.0,0.00010428,0.0134802,0.0,0.0,0.0,0.0,0.0,0.0,0.0,0.0,0.0,0.0
434,0.0,0.0,0.0,0.0,0.0,0.0,0.0,0.0,0.0481175,0.0,0.0,0.0,0.0,0.0,0.0,0.0,0.0,0.0,0.0
435,0.0,0.0,0.0,0.0,0.0,0.0,0.0,0.0,0.136758,0.0,0.0,0.0,0.0,0.0,0.0,0.0,0.0,0.0,0.0
436,0.0,0.0,0.0,0.0,0.0,0.0,0.0,8.83e-05,0.293207,0.0,0.0,0.0,0.0,0.0,0.0,0.0,0.0,0.0,0.0
437,0.0,0.0,0.0,0.0,0.0,0.0,0.0,0.0,0.482024,0.0,0.0,0.0,0.0,0.0,0.0,0.0,0.0,0.0,0.0
438,0.0,0.0,0.0,0.0,0.0,0.0,0.0,0.0,0.628519,0.0,0.0,0.0,0.0,0.0,0.0,0.0,0.0,0.0,0.0
439,0.0,0.0,0.00028808,0.0,0.0,0.0,0.0,0.0,0.810956,0.0,0.0,0.0,0.0,0.0,0.0,0.0,0.0,0.0,0.0
440,3.042e-05,8.183e-05,0.00022991,6.026e-05,0.0,0.0,0.0,0.0001369,0.963823,0.000672,4.78e-05,4.002e-05,1.069e-05,1.166e-05,2.59e-06,7.07e-06,3.591e-05,4.779e-05,7.677e-05
441,0.0,0.0,0.00029464,0.0,0.0,0.0,0.0,0.0,1.0,0.0,0.0,0.0,0.0,0.0,0.0,0.0,0.0,0.0,0.0
442,0.0,0.0,0.00031893,0.0,0.0,0.0,0.0,0.0,0.997915,0.0,0.0,0.0,0.0,0.0,0.0,0.0,0.0,0.0,0.0
443,0.0,0.0,0.00038107,0.0,0.0,0.0,0.0,0.0,0.993775,0.0,0.0,0.0,0.0,0.0,0.0,0.0,0.0,0.0,0.0
444,0.0,0.0,0.00049593,0.0,0.0,0.0,0.0,0.0,0.974399,0.0,0.0,0.0,0.0,0.0,0.0,0.0,0.0,0.0,0.0
445,0.0,0.0,0.00053769,0.0,0.0,0.0,0.0,0.0,0.900225,0.0,0.0,0.0,0.0,0.0,0.0,0.0,0.0,0.0,0.0
446,0.0,0.0,0.00095341,0.0,0.0,0.0,0.0,0.0,0.719177,0.0,0.0,0.0,0.0,0.0,0.0,0.0,0.0,0.0,0.0
447,0.0,0.0,0.00135005,0.0,0.0,0.0,0.0,0.0,0.455352,0.0,0.0,0.0,0.0,0.0,0.0,0.0,0.0,0.0,0.0
448,0.0,0.0,0.00182792,0.0,0.0,0.0,0.0,0.0,0.206819,0.0,0.0,0.0,0.0,0.0,0.0,0.0,0.0,0.0,0.0
449,0.0,0.0,0.00264805,0.0,0.0,0.0,0.0,0.0,0.0825571,0.0,0.0,0.0,0.0,0.0,0.0,0.0,0.0,0.0,0.0
450,3.124e-05,6.594e-05,0.00450824,3.75e-05,0.0,0.0,0.0,4.445e-05,0.0318704,0.00097938,8.781e-05,2.966e-05,6.73e-06,6.52e-06,5.44e-06,6.09e-06,5.451e-05,3.422e-05,8.124e-05
451,0.0,0.0,0.0086487,0.0,0.0,0.0,0.0,0.0,0.00867226,0.0,0.0,0.0,0.0,0.0,0.0,0.0,0.0,0.0,0.0
452,0.0,0.0,0.0178435,0.0,0.0,0.0,0.0,0.0,0.00189406,0.0,0.0,0.0,0.0,0.0,0.0,0.0,0.0,0.0,0.0
453,0.0,0.0,0.0404898,0.0,0.0,0.0,0.0,0.0,0.00056069,0.0,0.0,0.0,0.0,0.0,0.0,0.0,0.0,0.0,0.0
454,0.0,0.0,0.101683,0.0,0.0,0.0,0.0,0.0,0.00018306,0.0,0.0,0.0,0.0,0.0,0.0,0.0,0.0,0.0,0.0
455,0.0,0.0,0.239842,0.0,0.0,0.0,0.0,0.0,8.026e-05,0.0,0.0,0.0,0.0,0.0,0.0,0.0,0.0,0.0,0.0
456,0.0,0.0,0.449592,0.0,0.0,0.0,0.0,0.0,0.0,0.0,0.0,0.0,0.0,0.0,0.0,0.0,0.0,0.0,0.0
457,0.0,0.0,0.691881,0.0,0.0,0.0,0.0,0.0,6.773e-05,0.0,0.0,0.0,0.0,0.0,0.0,0.0,0.0,0.0,0.0
458,0.0,0.0,0.87658,0.0,0.0,0.0,0.0,0.0,0.0,0.0,0.0,0.0,0.0,0.0,0.0,0.0,0.0,0.0,0.0
459,0.0,0.0,0.975988,0.0,0.0,0.0,0.0,0.0,0.0,0.0,0.0,0.0,0.0,0.0,0.0,0.0,0.0,0.0,0.0
460,4.157e-05,5.222e-05,1.0,0.00011356,0.0,0.0,0.0,0.00015214,8.198e-05,0.0015824,0.00014114,6.566e-05,7.39e-06,9.41e-06,4.47e-06,5.72e-06,9.153e-05,3.521e-05,6.404e-05
461,0.0,0.0,0.969344,0.0,0.0,0.0,0.0,0.0,0.0,0.0,0.0,0.0,0.0,0.0,0.0,0.0,0.0,0.0,0.0
462,0.0,0.0,0.901278,0.0,0.0,0.0,0.0,0.0,0.0,0.0,0.0,0.0,0.0,0.0,0.0,0.0,0.0,0.0,0.0
463,0.0,0.0,0.845132,0.0,0.0,0.0,0.0,0.0,0.0,0.0,0.0,0.0,0.0,0.0,0.0,0.0,0.0,0.0,0.0
464,0.0,0.0,0.837311,0.0,0.0,0.0,0.0,0.0,0.0,0.0,0.0,0.0,0.0,0.0,0.0,0.0,0.0,0.0,0.0
465,0.0,0.0,0.843284,0.0,0.0,0.0,0.0,0.0,0.0,0.0,0.0,0.0,0.0,0.0,0.0,0.0,0.0,0.0,0.0
466,0.0,0.0,0.846415,0.0,0.0,0.0,0.0,0.0,0.0,0.0,0.0,0.0,0.0,0.0,0.0,0.0,0.0,0.0,0.0
467,0.0,0.0,0.860784,0.0,0.0,0.0,0.0,0.0,0.0,0.0,0.0,0.0,0.0,0.0,0.0,0.0,0.0,0.0,0.0
468,0.0,0.0,0.884946,0.0,0.0,0.0,0.0,0.0,0.0,0.0,0.0,0.0,0.0,0.0,0.0,0.0,0.0,0.0,0.0
469,0.0,0.0,0.911153,0.0,0.0,0.0,0.0,0.0,0.0,0.0,0.0,0.0,0.0,0.0,0.0,0.0,0.0,0.0,0.0
470,2.79e-05,4.449e-05,0.92919,0.00196864,0.0,0.0,0.0,0.00024127,2.878e-05,0.00290369,0.00020336,0.00021447,8.93e-06,5.35e-06,3.72e-06,7.89e-06,3.687e-05,3.318e-05,6.335e-05
471,0.0,0.0,0.917578,0.0,0.0,0.0,0.0,0.0,0.0,0.0,0.0,0.0,0.0,0.0,0.0,0.0,0.0,0.0,0.0
472,0.0,0.0,0.870342,0.0,0.0,0.0,0.0,0.0,0.0,0.0,0.0,0.0,0.0,0.0,0.0,0.0,0.0,0.0,0.0
473,0.0,0.0,0.787985,0.0,0.0,0.0,0.0,0.0,0.0,0.0021421,0.0,0.0,0.0,0.0,0.0,0.0,0.0,0.0,0.0
474,0.0,0.0,0.665293,0.0,0.0,0.0,0.0,0.0,0.0,0.00237502,0.0,0.0,0.0,0.0,0.0,0.0,0.0,0.0,0.0
475,0.0,0.0,0.502695,0.0,0.0,0.0,0.0,0.0,0.0,0.00285216,0.0,0.0,0.0,0.0,0.0,0.0,0.0,0.0,0.0
476,0.0,0.0,0.321345,0.0,0.0,0.0,0.0,0.0,0.0,0.00410756,0.0,0.0,0.0,0.0,0.0,0.0,0.0,0.0,0.0
477,0.0,0.0,0.171332,0.0,0.0,0.0,0.0,0.0,0.0,0.00885956,0.0,0.0,0.0,0.0,0.0,0.0,0.0,0.0,0.0
478,0.0,0.0,0.0784788,0.0,0.0,0.0,0.0,0.0,0.0,0.0271083,0.0,0.0,0.0,0.0,0.0,0.0,0.0,0.0,0.0
479,0.0,0.0,0.0331535,0.0,0.0,0.0,0.0,0.0,0.0,0.0791932,0.0,0.0,0.0,0.0,0.0,0.0,0.0,0.0,0.0
480,2.875e-05,4.768e-05,0.0144349,0.00123476,0.0,0.0,0.0,0.00044755,5.945e-05,0.183004,0.00036482,0.00016534,5.01e-06,2.89e-06,2.65e-06,3.3e-06,4.437e-05,3.438e-05,4.254e-05
481,0.0,0.0,0.00670438,0.0,0.0,0.0,0.0,0.0,0.0,0.356889,0.0,0.0,0.0,0.0,0.0,0.0,0.0,0.0,0.0
482,0.0,0.0,0.0034712,0.0,0.0,0.0,0.0,0.0,0.0,0.596681,0.0,0.0,0.0,0.0,0.0,0.0,0.0,0.0,0.0
483,0.0,0.0,0.00188232,0.0,0.0,0.0,0.0,0.0,0.0,0.806388,0.0,0.0,0.0,0.0,0.0,0.0,0.0,0.0,0.0
484,0.0,0.0,0.00116973,0.0,0.0,0.0,0.0,0.0,0.0,0.911347,0.0,0.0,0.0,0.0,0.0,0.0,0.0,0.0,0.0
485,0.0,0.0,0.0006853,0.0,0.0,0.0,0.0,0.0,0.0,0.950045,0.0,0.0,0.0,0.0,0.0,0.0,0.0,0.0,0.0
486,0.0,0.0,0.00034579,0.0,0.0,0.0,0.0,0.0,0.0,0.974604,0.0,0.0,0.0,0.0,0.0,0.0,0.0,0.0,0.0
487,0.0,0.0,0.00022893,0.0,0.0,0.0,0.0,0.0,0.0,0.990802,0.0,0.0,0.0,0.0,0.0,0.0,0.0,0.0,0.0
488,0.0,0.0,0.00017735,0.0,0.0,0.0,0.0,0.0,0.0,1.0,0.0,0.0,0.0,0.0,0.0,0.0,0.0,0.0,0.0
489,0.0,0.0,0.00012617,0.0,0.0,0.0,0.0,0.0,0.0,0.995117,0.0,0.0,0.0,0.0,0.0,0.0,0.0,0.0,0.0
490,2.787e-05,3.648e-05,0.00013383,0.00244732,0.0,0.0,0.0,0.00111244,0.00012032,0.938498,0.00048595,0.00029838,6.49e-06,4.78e-06,2.38e-06,5.26e-06,4.262e-05,2.073e-05,6.141e-05
491,0.0,0.0,0.00012666,0.0,0.0,0.0,0.0,0.0,0.0,0.802791,0.0,0.0,0.0,0.0,0.0,0.0,0.0,0.0,0.0
492,0.0,0.0,0.00012599,0.0,0.0,0.0,0.0,0.0,0.0,0.569115,0.0,0.0,0.0,0.0,0.0,0.0,0.0,0.0,0.0
493,0.0,0.0,0.00011631,0.0,0.0,0.0,0.0,0.0,0.0,0.276504,0.0,0.0,0.0,0.0,0.0,0.0,0.0,0.0,0.0
494,0.0,0.0,0.0,0.0,0.0,0.0,0.0,0.0,0.0,0.0748605,0.0,0.0,0.0,0.0,0.0,0.0,0.0,0.0,0.0
495,0.0,0.0,0.00016657,0.0,0.0,0.0,0.0,0.0,0.0,0.0144916,0.0,0.0,0.0,0.0,0.0,0.0,0.0,0.0,0.0
496,0.0,0.0,0.00018307,0.0,0.0,0.0,0.0,0.0,0.0,0.00327816,0.0,0.0,0.0,0.0,0.0,0.0,0.0,0.0,0.0
497,0.0,0.0,0.00016486,0.0,0.0,0.0,0.0,0.0,0.0,0.00095511,0.0,0.0,0.0,0.0,0.0,0.0,0.0,0.0,0.0
498,0.0,0.0,0.00014495,0.0,0.0,0.0,0.0,0.0,0.0,0.00027307,0.0,0.0,0.0,0.0,0.0,0.0,0.0,0.0,0.0
499,0.0,0.0,0.00016657,0.0,0.0,0.0,0.0,0.0,0.0,0.00017124,0.0,0.0,0.0,0.0,0.0,0.0,0.0,0.0,0.0
500,2.138e-05,4.016e-05,0.00025826,0.00031546,0.0,0.0,0.0,0.00260528,0.00014884,7.391e-05,0.00068219,0.00040083,1.11e-05,6.82e-06,1.95e-06,5.88e-06,3.985e-05,1.473e-05,3.012e-05
501,0.0,0.0,0.0,0.0,0.0,0.0,0.0,0.0,0.0,8.339e-05,0.0,0.0,0.0,0.0,0.0,0.0,0.0,0.0,0.0
502,0.0,0.0,0.0,0.0,0.0,0.0,0.0,0.0,0.0,6.406e-05,0.0,0.0,0.0,0.0,0.0,0.0,0.0,0.0,0.0
503,0.0,0.0,0.0,0.0,0.0,0.0,0.0,0.0,0.0,7.502e-05,0.0,0.0,0.0,0.0,0.0,0.0,0.0,0.0,0.0
510,1.183e-05,4.479e-05,0.00033333,0.00048059,0.0,0.0,0.0,0.004129,0.00022173,0.00014061,0.00120268,0.0005978,3.65e-06,6.87e-06,3.11e-06,5.26e-06,4.378e-05,2.164e-05,5.004e-05
516,0.0,0.0,0.0,0.0,0.0,0.0,0.0,0.0,0.0,0.0,0.00026834,0.0,0.0,0.0,0.0,0.0,0.0,0.0,0.0
517,0.0,0.0,0.0,0.0,0.0,0.0,0.0,0.0,0.0,0.0,0.00080433,0.0,0.0,0.0,0.0,0.0,0.0,0.0,0.0
518,0.0,0.0,0.0,0.0,0.0,0.0,0.0,0.0,0.0,0.0,0.00195755,0.0,0.0,0.0,0.0,0.0,0.0,0.0,0.0
519,0.0,0.0,0.0,0.0,0.0,0.0,0.0,0.0,0.0,0.0,0.0056237,0.0,0.0,0.0,0.0,0.0,0.0,0.0,0.0
520,1.747e-05,3.136e-05,0.00038595,0.00070809,0.0,0.0,0.0,0.00186628,0.00044891,0.00012274,0.0199953,0.0008841,6.4e-06,4.07e-06,1.67e-06,3.78e-06,2.432e-05,3.25e-05,3.067e-05
521,0.0,0.0,0.0,0.0,0.0,0.0,0.0,0.0,0.0,0.0,0.0710626,0.0,0.0,0.0,0.0,0.0,0.0,0.0,0.0
522,0.0,0.0,0.0,0.0,0.0,0.0,0.0,0.0,0.0,0.0,0.183156,0.0,0.0,0.0,0.0,0.0,0.0,0.0,0.0
523,0.0,0.0,0.0,0.0,0.0,0.0,0.0,0.0,0.0,0.0,0.361062,0.0,0.0,0.0,0.0,0.0,0.0,0.0,0.0
524,0.0,0.0,0.0,0.0,0.0,0.0,0.0,0.0,0.0,0.0,0.582582,0.0,0.0,0.0,0.0,0.0,0.0,0.0,0.0
525,0.0,0.0,0.0,0.00016537,0.0,0.0,0.0,0.0,0.0,0.0,0.797048,0.0,0.0,0.0,0.0,0.0,0.0,0.0,0.0
526,0.0,0.0,0.0,0.0001575,0.0,0.0,0.0,0.0,0.0,0.0,0.94981,0.0,0.0,0.0,0.0,0.0,0.0,0.0,0.0
527,0.0,0.0,0.0,0.0002117,0.0,0.0,0.0,0.0,0.0,0.0,0.981414,0.0,0.0,0.0,0.0,0.0,0.0,0.0,0.0
528,0.0,0.0,0.0,0.00023028,0.0,0.0,0.0,0.0,0.0,0.0,0.97637,0.0,0.0,0.0,0.0,0.0,0.0,0.0,0.0
529,0.0,0.0,0.0,0.00019084,0.0,0.0,0.0,0.0,0.0,0.0,0.994017,0.0,0.0,0.0,0.0,0.0,0.0,0.0,0.0
530,1.921e-05,3.055e-05,0.00038166,0.00025182,0.0,0.0,0.0,0.00050945,0.00048134,0.00014127,1.0,0.00158325,4.38e-06,4.08e-06,2.32e-06,6.85e-06,2.64e-05,2.227e-05,4.145e-05
531,0.0,0.0,0.0,0.00035911,0.0,0.0,0.0,0.0,0.0,0.0,0.979251,0.0,0.0,0.0,0.0,0.0,0.0,0.0,0.0
532,0.0,0.0,0.0,0.00040436,0.0,0.0,0.0,0.0,0.0,0.0,0.929473,0.0,0.0,0.0,0.0,0.0,0.0,0.0,0.0
533,0.0,0.0,0.0,0.0005428,0.0,0.0,0.0,0.0,0.0,0.0,0.853851,0.0,0.0,0.0,0.0,0.0,0.0,0.0,0.0
534,0.0,0.0,0.0,0.00072389,0.0,0.0,0.0,0.0,0.0,0.0,0.749499,0.0,0.0,0.0,0.0,0.0,0.0,0.0,0.0
535,0.0,0.0,0.0,0.00093883,0.0,0.0,0.0,0.0,0.0,0.0,0.608954,0.0,0.0,0.0,0.0,0.0,0.0,0.0,0.0
536,0.0,0.0,0.0,0.00149662,0.0,0.0,0.0,0.0,0.0,0.0,0.426368,0.00262217,0.0,0.0,0.0,0.0,0.0,0.0,0.0
537,0.0,0.0,0.0,0.00251636,0.0,0.0,0.0,0.0,0.0,0.0,0.228721,0.00815978,0.0,0.0,0.0,0.0,0.0,0.0,0.0
538,0.0,0.0,0.0,0.00489088,0.0,0.0,0.0,0.0,0.0,0.0,0.0876152,0.0308496,0.0,0.0,0.0,0.0,0.0,0.0,0.0
539,0.0,0.0,0.0,0.0115476,0.0,0.0,0.0,0.0,0.0,0.0,0.0300316,0.0950109,0.0,0.0,0.0,0.0,0.0,0.0,0.0
540,1.896e-05,3.63e-05,0.00038856,0.0304012,0.0,0.0,0.0,0.00058925,0.00057241,0.00020031,0.0121307,0.209827,3.71e-06,4.93e-06,2.32e-06,2.89e-06,2.897e-05,7.32e-06,2.077e-05
541,0.0,0.0,0.0,0.0786975,0.0,0.0,0.0,0.0,0.0,0.0,0.00527154,0.373967,0.0,0.0,0.0,0.0,0.0,0.0,0.0
542,0.0,0.0,0.0,0.182201,0.0,0.0,0.0,0.0,0.0,0.0,0.00243814,0.583985,0.0,0.0,0.0,0.0,0.0,0.0,0.0
543,0.0,0.0,0.0,0.350661,0.0,0.0,0.0,0.0,0.0,0.0,0.0012785,0.796494,0.0,0.0,0.0,0.0,0.0,0.0,0.0
544,0.0,0.0,0.0,0.566436,0.0,0.0,0.0,0.0,0.0,0.0,0.0005632,0.944913,0.0,0.0,0.0,0.0,0.0,0.0,0.0
545,0.0,0.0,0.0,0.769634,0.0,0.0,0.0,0.0,0.0,0.0,0.00023766,0.987884,0.0,0.0,0.0,0.0,0.0,0.0,0.0
546,0.0,0.0,0.0,0.909875,0.0,0.0,0.0,0.0,0.0,0.0,0.0,0.99998,0.0,0.0,0.0,0.0,0.0,0.0,0.0
547,0.0,0.0,0.0,0.97297,0.0,0.0,0.0,0.0,0.0,0.0,0.0,1.0,0.0,0.0,0.0,0.0,0.0,0.0,0.0
548,0.0,0.0,0.0,0.992396,0.0,0.0,0.0,0.0,0.0,0.0,0.0,0.984551,0.0,0.0,0.0,0.0,0.0,0.0,0.0
549,0.0,0.0,0.0,0.998384,0.0,0.0,0.0,0.0,0.0,0.0,0.0,0.93678,0.0,0.0,0.0,0.0,0.0,0.0,0.0
550,2.295e-05,3.66e-05,0.00040863,1.0,0.0,0.0,0.0,0.00059737,0.00050829,0.0002873,0.00118021,0.837459,3.23e-06,5.26e-06,1.77e-06,3.25e-06,3.941e-05,1.461e-05,4.439e-05
551,0.0,0.0,0.0,0.995265,0.0,0.0,0.0,0.0,0.0,0.0,0.0,0.679754,0.0,0.0,0.0,0.0,0.0,0.0,0.0
552,0.0,0.0,0.0,0.986303,0.0,0.0,0.0,0.0,0.0,0.0,0.0,0.48634,0.0,0.0,0.0,0.0,0.0,0.0,0.0
553,0.0,0.0,0.0,0.974737,0.0,0.0,0.0,0.0,0.0,0.0,0.0,0.278806,0.0,0.0,0.0,0.0,0.0,0.0,0.0
554,0.0,0.0,0.0,0.968763,0.0,0.0,0.0,0.0,0.0,0.0,0.0,0.10666,0.0,0.0,0.0,0.0,0.0,0.0,0.0
555,0.0,0.0,0.0,0.96809,0.0,0.0,0.0,0.0,0.0,0.0,0.0,0.0309991,0.0,0.0,0.0,0.0,0.0,0.0,0.0
556,0.0,0.0,0.0,0.973408,0.0,0.0,0.0,0.0,0.0,0.0,0.0,0.00901877,0.0,0.0,0.0,0.0,0.0,0.0,0.0
557,0.0,0.0,0.0,0.983348,0.0,0.0,0.0,0.0,0.0,0.0,0.0,0.00326324,0.0,0.0,0.0,0.0,0.0,0.0,0.0
558,0.0,0.0,0.0,0.9879,0.0,0.0,0.0,0.0,0.0,0.0,0.0,0.00158635,0.0,0.0,0.0,0.0,0.0,0.0,0.0
559,0.0,0.0,0.0,0.982297,0.0,0.0,0.0,0.0,0.0,0.0,0.0,0.00092772,0.0,0.0,0.0,0.0,0.0,0.0,0.0
560,1.813e-05,3.38e-05,0.00067108,0.962784,0.0,0.0,0.0,0.00053853,0.00013373,0.00038596,0.00082789,0.00058758,2.21e-06,4.39e-06,1.1e-06,3.89e-06,2.038e-05,1.645e-05,5.209e-05
561,0.0,0.0,0.0,0.905679,0.0,0.0,0.0,0.0,0.0,0.0,0.0,0.00046453,0.0,0.0,0.0,0.0,0.0,0.0,0.0
562,0.0,0.0,0.0,0.789595,0.0,0.0,0.0,0.0,0.0,0.0,0.0,0.00036002,0.0,0.0,0.0,0.0,0.0,0.0,0.0
563,0.0,0.0,0.0,0.613405,0.0,0.0,0.0,0.0,0.0,0.0,0.0,0.00033751,0.0,0.0,0.0,0.0,0.0,0.0,0.0
564,0.0,0.0,0.0,0.407221,0.0,0.0,0.0,0.0,0.0,0.0,0.0,0.00025281,0.0,0.0,0.0,0.0,0.0,0.0,0.0
565,0.0,0.0,0.0,0.204311,0.0,0.0,0.0,0.0,0.0,0.0,0.0,0.00013101,0.0,0.0,0.0,0.0,0.0,0.0,0.0
566,0.0,0.0,0.0,0.0817568,0.0,0.0,0.0,0.0,0.0,0.0,0.0,0.0,0.0,0.0,0.0,0.0,0.0,0.0,0.0
567,0.0,0.0,0.0,0.0280225,0.0,0.0,0.0,0.0,0.0,0.0,0.0,0.00022956,0.0,0.0,0.0,0.0,0.0,0.0,0.0
568,0.0,0.0,0.0,0.00990879,0.0,0.0,0.0,0.0,0.0,0.0,0.0,0.0,0.0,0.0,0.0,0.0,0.0,0.0,0.0
569,0.0,0.0,0.0,0.00405509,0.0,0.0,0.0,0.0,0.0,0.0,0.0,0.0,0.0,0.0,0.0,0.0,0.0,0.0,0.0
570,7.318e-05,2.817e-05,0.00209956,0.00177973,0.0,0.0,0.0,0.00045338,2.685e-05,0.00061086,0.00080098,0.00079112,4.52e-06,7.76e-06,1.5e-06,3.26e-06,4.652e-05,2.562e-05,5.336e-05
571,0.0,0.0,0.0,0.00079637,0.0,0.0,0.0,0.0,0.0,0.0,0.0,0.0,0.0,0.0,0.0,0.0,0.0,0.0,0.0
572,0.0,0.0,0.0,0.0004075,0.0,0.0,0.0,0.0,0.0,0.0,0.0,0.0,0.0,0.0,0.0,0.0,0.0,0.0,0.0
573,7.899e-05,0.0,0.0,0.00017549,0.0,0.0,0.0,0.0,0.0,0.0,0.0,0.0,0.0,0.0,0.0,0.0,0.0,0.0,0.0
574,0.0,0.0,0.0,0.00011507,0.0,0.0,0.0,0.0,0.0,0.0,0.0,0.0,0.0,0.0,0.0,0.0,0.0,0.0,0.0
575,8.236e-05,0.0,0.0,0.00012216,0.0,0.0,0.0,0.0,0.0,0.0,0.0,0.0,0.0,0.0,0.0,0.0,0.0,0.0,0.0
576,0.0,0.0,0.0,6.878e-05,0.0,0.0,0.0,0.0,0.0,0.0,0.0,0.0,0.0,0.0,0.0,0.0,0.0,0.0,0.0
577,0.0,0.0,0.0,7.782e-05,0.0,0.0,0.0,0.0,0.0,0.0,0.0,0.0,0.0,0.0,0.0,0.0,0.0,0.0,0.0
578,7.848e-05,0.0,0.0,8.085e-05,0.0,0.0,0.0,0.0,0.0,0.0,0.0,0.0,0.0,0.0,0.0,0.0,0.0,0.0,0.0
579,0.0,0.0,0.0,6.581e-05,0.0,0.0,0.0,0.0,0.0,0.0,0.0,0.0,0.0,0.0,0.0,0.0,0.0,0.0,0.0
580,8.58e-05,3.487e-05,0.00106929,5.464e-05,0.0,0.0,0.0,0.00037135,1.665e-05,0.00081399,0.00108695,0.0006443,5.4e-06,1.71e-06,1.86e-06,1.7e-06,2.295e-05,1.022e-05,4.524e-05
581,0.0,0.0,0.0,5.286e-05,0.0,0.0,0.0,0.0,0.0,0.0,0.0,0.0,0.0,0.0,0.0,0.0,0.0,0.0,0.0
582,0.0,0.0,0.0,3.853e-05,0.0,0.0,0.0,0.0,0.0,0.0,0.0,0.0,0.0,0.0,0.0,0.0,0.0,0.0,0.0
583,4.978e-05,0.0,0.0,3.722e-05,0.0,0.0,0.0,0.0,0.0,0.0,0.0,0.0,0.0,0.0,0.0,0.0,0.0,0.0,0.0
584,0.0,0.0,0.0,6.074e-05,0.0,0.0,0.0,0.0,0.0,0.0,0.0,0.0,0.0,0.0,0.0,0.0,0.0,0.0,0.0
585,4.01e-05,0.0,0.0,0.0,0.0,0.0,0.0,0.0,0.0,0.0,0.0,0.0,0.0,0.0,0.0,0.0,0.0,0.0,0.0
588,6.368e-05,0.0,0.0,0.0,0.0,0.0,0.0,0.0,0.0,0.0,0.0,0.0,0.0,0.0,0.0,0.0,0.0,0.0,0.0
590,6.871e-05,3.87e-05,0.00076584,3.075e-05,0.0,0.0,0.0,0.00015448,1.233e-05,0.00085521,0.0003429,0.00020537,1.304e-05,2.599e-05,0.0001181,1.372e-05,3.022e-05,2.055e-05,7.61e-05
593,9.201e-05,0.0,0.0,0.0,0.0,0.0,0.0,0.0,0.0,0.0,0.0,0.0,0.0,0.0,0.0,0.0,0.0,0.0,0.0
595,0.00011193,0.0,0.0,0.0,0.0,0.0,0.0,0.0,0.0,0.0,0.0,0.0,0.0,0.0,0.0,0.0,0.0,0.0,0.0
598,7.154e-05,0.0,0.0,0.0,0.0,0.0,0.0,0.0,0.0,0.0,0.0,0.0,0.0,0.0,0.0,0.0,0.0,0.0,0.0
600,6.023e-05,7.111e-05,0.0001875,1.957e-05,0.0,0.0,0.0,2.539e-05,8.47e-06,0.0002493,7.438e-05,3.728e-05,5.439e-05,0.00018662,0.00043343,9.715e-05,8.644e-05,3.295e-05,0.00012285
605,0.0001198,0.0,0.0,0.0,0.0,0.0,0.0,0.0,0.0,0.0,0.0,0.0,0.0,0.0,0.0,0.0,0.0,0.0,0.0
608,0.00034829,0.0,0.0,0.0,0.0,0.0,0.0,0.0,0.0,0.0,0.0,0.0,0.0,0.0,0.0,0.0,0.0,0.0,0.0
610,0.00119145,7.327e-05,4.737e-05,2.376e-05,0.0,0.0,0.0,1.927e-05,5.84e-06,4.209e-05,4.455e-05,1.881e-05,0.00011938,0.00027732,0.00059929,7.855e-05,5.402e-05,0.00012702,0.00014205
613,0.0055696,0.0,0.0,0.0,0.0,0.0,0.0,0.0,0.0,0.0,0.0,0.0,0.0,0.0,0.0,0.0,0.0,0.0,0.0
615,0.0259655,0.0,0.0,0.0,0.0,0.0,0.0,0.0,0.0,0.0,0.0,0.0,0.0,0.0,0.0,0.0,0.0,0.0,0.0
617,0.0,0.0,0.0,0.0,0.0,0.0,0.0,0.0,0.0,0.0,0.0,0.0,4.617e-05,0.0,0.0,0.0,0.0,0.0,0.0
618,0.146929,0.0,0.0,0.0,0.0,0.0,0.0,0.0,0.0,0.0,0.0,0.0,0.0,0.0,0.0,0.0,0.0,0.0,0.0
619,0.0,0.0,0.0,0.0,0.0,0.0,0.0,0.0,0.0,0.0,0.0,0.0,5.275e-05,0.0,0.0,0.0,0.0,0.0,0.0
620,0.367228,0.00015015,5.656e-05,1.823e-05,0.0,0.0,0.0,2.827e-05,7.46e-06,0.00014976,9.55e-06,2.003e-05,0.0,0.00053711,0.00194776,0.00012297,3.989e-05,6.661e-05,0.00014001
621,0.0,0.0,0.0,0.0,0.0,0.0,0.0,0.0,0.0,0.0,0.0,0.0,4.497e-05,0.0,0.0,0.0,0.0,0.0,0.0
623,0.68446,0.0,0.0,0.0,0.0,0.0,0.0,0.0,0.0,0.0,0.0,0.0,7.529e-05,0.0,0.0,0.0,0.0,0.0,0.0
625,0.724822,0.0,0.0,0.0,0.0,0.0,0.0,0.0,0.0,0.0,0.0,0.0,7.496e-05,0.0,0.0,0.0,0.0,0.0,0.0
627,0.0,0.0,0.0,0.0,0.0,0.0,0.0,0.0,0.0,0.0,0.0,0.0,0.00010432,0.0,0.0,0.0,0.0,0.0,0.0
628,0.727771,0.0,0.0,0.0,0.0,0.0,0.0,0.0,0.0,0.0,0.0,0.0,0.0,0.0,0.0,0.0,0.0,0.0,0.0
629,0.0,0.0,0.0,0.0,0.0,0.0,0.0,0.0,0.0,0.0,0.0,0.0,6.923e-05,0.0,0.0,0.0,0.0,0.0,0.0
630,0.733656,0.00023553,6.109e-05,2.554e-05,0.0,0.0,0.0,2.564e-05,1.018e-05,2.49e-05,8.2e-06,9.11e-06,0.0,0.0007039,0.00196638,0.00013756,2.015e-05,0.00014304,0.00020288
631,0.0,0.0,0.0,0.0,0.0,0.0,0.0,0.0,0.0,0.0,0.0,0.0,6.582e-05,0.0,0.0,0.0,0.0,0.0,0.0
633,0.745276,0.0,0.0,0.0,0.0,0.0,0.0,0.0,0.0,0.0,0.0,0.0,0.00010084,0.0,0.0,0.0,0.0,0.0,0.0
635,0.753959,0.0,0.0,0.0,0.0,0.0,0.0,0.0,0.0,0.0,0.0,0.0,0.0001042,0.0,0.0,0.0,0.0,0.0,0.0
637,0.0,0.0,0.0,0.0,0.0,0.0,0.0,0.0,0.0,0.0,0.0,0.0,0.00010335,0.0,0.0,0.0,0.0,0.0,0.0
638,0.768836,0.0,0.0,0.0,0.0,0.0,0.0,0.0,0.0,0.0,0.0,0.0,0.0,0.0,0.0,0.0,0.0,0.0,0.0
639,0.0,0.0,0.0,0.0,0.0,0.0,0.0,0.0,0.0,0.0,0.0,0.0,0.00015479,0.0,0.0,0.0,0.0,0.0,0.0
640,0.774306,0.00037673,7.746e-05,3.306e-05,0.0,0.0,0.0,5.218e-05,1.689e-05,6.8e-06,7.63e-06,3.15e-06,0.0,0.00095878,0.00239308,0.00014075,1.283e-05,2.747e-05,0.00011073
641,0.0,0.0,0.0,0.0,0.0,0.0,0.0,0.0,0.0,0.0,0.0,0.0,0.00016202,0.0,0.0,0.0,0.0,0.0,0.0
643,0.790446,0.0,0.0,0.0,0.0,0.0,0.0,0.0,0.0,0.0,0.0,0.0,0.00016983,0.0,0.0,0.0,0.0,0.0,0.0
645,0.813292,0.0,0.0,0.0,0.0,0.0,0.0,0.0,0.0,0.0,0.0,0.0,0.00016647,0.0,0.0,0.0,0.0,0.0,0.0
647,0.0,0.0,0.0,0.0,0.0,0.0,0.0,0.0,0.0,0.0,0.0,0.0,0.00022957,0.0,0.0,0.0,0.0,0.0,0.0
648,0.868503,0.0,0.0,0.0,0.0,0.0,0.0,0.0,0.0,0.0,0.0,0.0,0.0,0.0,0.0,0.0,0.0,0.0,0.0
649,0.0,0.0,0.0,0.0,0.0,0.0,0.0,0.0,0.0,0.0,0.0,0.0,0.0002903,0.0,0.0,0.0,0.0,0.0,0.0
650,0.904408,0.00018253,7.675e-05,3.367e-05,0.0,0.0,0.0,1.391e-05,7.64e-06,6.22e-06,6.83e-06,4.36e-06,0.0,0.0004289,0.00152298,4.17e-05,5.307e-05,2.579e-05,6.572e-05
651,0.0,0.0,0.0,0.0,0.0,0.0,0.0,0.0,0.0,0.0,0.0,0.0,0.00041643,0.0,0.0,0.0,0.0,0.0,0.0
653,0.965654,0.0,0.0,0.0,0.0,0.0,0.0,0.0,0.0,0.0,0.0,0.0,0.00066777,0.0,0.0,0.0,0.0,0.0,0.0
655,0.990801,0.0,0.0,0.0,0.0,0.0,0.0,0.0,0.0,0.0,0.0,0.0,0.00307108,0.0,0.0,0.0,0.0,0.0,0.0
657,0.0,0.0,0.0,0.0,0.0,0.0,0.0,0.0,0.0,0.0,0.0,0.0,0.0355434,0.0,0.0,0.0,0.0,0.0,0.0
658,1.0,0.0,0.0,0.0,0.0,0.0,0.0,0.0,0.0,0.0,0.0,0.0,0.0,0.0,0.0,0.0,0.0,0.0,0.0
659,0.0,0.0,0.0,0.0,0.0,0.0,0.0,0.0,0.0,0.0,0.0,0.0,0.229718,0.0,0.0,0.0,0.0,0.0,0.0
660,0.946519,0.00103705,0.00013957,6.214e-05,0.0,0.0,0.0,8.68e-05,1.491e-05,6.46e-06,1.547e-05,1.33e-05,0.0,0.00507117,0.00495385,0.00012348,6.646e-05,4.17e-05,0.00015589
661,0.0,0.0,0.0,0.0,0.0,0.0,0.0,0.0,0.0,0.0,0.0,0.0,0.599596,0.0,0.0,0.0,0.0,0.0,0.0
663,0.816125,0.0,0.0,0.0,0.0,0.0,0.0,0.0,0.0,0.0,0.0,0.0,0.9181,0.0013325,0.0,0.0,0.0,0.0,0.0
664,0.0,0.0,0.0,0.0,0.0,0.0,0.0,0.0,0.0,0.0,0.0,0.0,0.0,0.00410076,0.0,0.0,0.0,0.0,0.0
665,0.730804,0.0,0.0,0.0,0.0,0.0,0.0,0.0,0.0,0.0,0.0,0.0,1.0,0.00932115,0.0,0.0,0.0,0.0,0.0
666,0.0,0.0,0.0,0.0,0.0,0.0,0.0,0.0,0.0,0.0,0.0,0.0,0.0,0.0206315,0.0,0.0,0.0,0.0,0.0
667,0.0,0.0,0.0,0.0,0.0,0.0,0.0,0.0,0.0,0.0,0.0,0.0,0.909819,0.0437816,0.0,0.0,0.0,0.0,0.0
668,0.546438,0.0,0.0,0.0,0.0,0.0,0.0,0.0,0.0,0.0,0.0,0.0,0.0,0.090595,0.0,0.0,0.0,0.0,0.0
669,0.0,0.0,0.0,0.0,0.0,0.0,0.0,0.0,0.0,0.0,0.0,0.0,0.754917,0.179606,0.0,0.0,0.0,0.0,0.0
670,0.383817,0.00105425,0.00013129,6.135e-05,0.0,0.0,0.0,0.00011407,2.418e-05,6.07e-06,1.256e-05,1.19e-05,0.0,0.313027,0.00030236,5.233e-05,4.013e-05,4.288e-05,0.00010991
671,0.0,0.0,0.0,0.0,0.0,0.0,0.0,0.0,0.0,0.0,0.0,0.0,0.427553,0.476246,0.0,0.0,0.0,0.0,0.0
672,0.0,0.0,0.0,0.0,0.0,0.0,0.0,0.0,0.0,0.0,0.0,0.0,0.0,0.638402,0.0,0.0,0.0,0.0,0.0
673,0.164949,0.0,0.0,0.0,0.0,0.0,0.0,0.0,0.0,0.0,0.0,0.0,0.165705,0.795755,0.0,0.0,0.0,0.0,0.0
674,0.0,0.0,0.0,0.0,0.0,0.0,0.0,0.0,0.0,0.0,0.0,0.0,0.0,0.919454,0.0,0.0,0.0,0.0,0.0
675,0.0879277,0.0,0.0,0.0,0.0,0.0,0.0,0.0,0.0,0.0,0.0,0.0,0.00471512,0.986185,0.0,0.0,0.0,0.0,0.0
676,0.0,0.0,0.0,0.0,0.0,0.0,0.0,0.0,0.0,0.0,0.0,0.0,0.0,1.0,0.0,0.0,0.0,0.0,0.0
677,0.0,0.0,0.0,0.0,0.0,0.0,0.0,0.0,0.0,0.0,0.0,0.0,0.00015702,0.994435,0.0,0.0,0.0,0.0,0.0
678,0.0310486,0.0,0.0,0.0,0.0,0.0,0.0,0.0,0.0,0.0,0.0,0.0,0.0,0.978343,0.0,0.0,0.0,0.0,0.0
679,0.0,0.0,0.0,0.0,0.0,0.0,0.0,0.0,0.0,0.0,0.0,0.0,6.009e-05,0.936855,0.0,0.0,0.0,0.0,0.0
680,0.0157825,0.00080868,8.988e-05,5.741e-05,0.0,0.0,0.0,0.00010032,1.813e-05,3.11e-06,1.041e-05,5.14e-06,0.0,0.845562,0.00026129,1.242e-05,1.711e-05,3.474e-05,0.0001254
681,0.0,0.0,0.0,0.0,0.0,0.0,0.0,0.0,0.0,0.0,0.0,0.0,5.983e-05,0.717473,0.0,0.0,0.0,0.0,0.0
682,0.0,0.0,0.0,0.0,0.0,0.0,0.0,0.0,0.0,0.0,0.0,0.0,0.0,0.578804,0.0,0.0,0.0,0.0,0.0
683,0.00466254,0.0,0.0,0.0,0.0,0.0,0.0,0.0,0.0,0.0,0.0,0.0,5.813e-05,0.430299,0.0,0.0,0.0,0.0,0.0
684,0.0,0.0,0.0,0.0,0.0,0.0,0.0,0.0,0.0,0.0,0.0,0.0,0.0,0.261534,0.0,0.0,0.0,0.0,0.0
685,0.00226284,0.0,0.0,0.0,0.0,0.0,0.0,0.0,0.0,0.0,0.0,0.0,0.0,0.1125,0.0,0.0,0.0,0.0,0.0
686,0.0,0.0,0.0,0.0,0.0,0.0,0.0,0.0,0.0,0.0,0.0,0.0,0.0,0.0421549,0.0,0.0,0.0,0.0,0.0
687,0.0,0.0,0.0,0.0,0.0,0.0,0.0,0.0,0.0,0.0,0.0,0.0,4.169e-05,0.0168964,0.0,0.0,0.0,0.0,0.0
688,0.00084344,0.0,0.0,0.0,0.0,0.0,0.0,0.0,0.0,0.0,0.0,0.0,0.0,0.00817022,0.0,0.0,0.0,0.0,0.0
689,0.0,0.0,0.0,0.0,0.0,0.0,0.0,0.0,0.0,0.0,0.0,0.0,4.464e-05,0.00411615,0.0,0.0,0.0,0.0,0.0
690,0.00046793,0.00012043,6.808e-05,2.486e-05,0.0,0.0,0.0,7.412e-05,5.67e-06,2.33e-06,5.8e-06,1.61e-06,0.0,0.00207049,0.0003356,9.32e-06,2.083e-05,0.00011919,0.00018397
691,0.0,0.0,0.0,0.0,0.0,0.0,0.0,0.0,0.0,0.0,0.0,0.0,0.0,0.0011106,0.0,0.0,0.0,0.0,0.0
692,0.0,0.0,0.0,0.0,0.0,0.0,0.0,0.0,0.0,0.0,0.0,0.0,0.0,0.00049873,0.0,0.0,0.0,0.0,0.0
693,0.00018259,0.0,0.0,0.0,0.0,0.0,0.0,0.0,0.0,0.0,0.0,0.0,4.932e-05,0.0,0.0,0.0,0.0,0.0,0.0
695,0.00010741,0.0,0.0,0.0,0.0,0.0,0.0,0.0,0.0,0.0,0.0,0.0,4.64e-05,0.0,0.0,0.0,0.0,0.0,0.0
697,0.0,0.0,0.0,0.0,0.0,0.0,0.0,0.0,0.0,0.0,0.0,0.0,4.155e-05,0.0,0.0,0.0,0.0,0.0,0.0
698,7.64e-05,0.0,0.0,0.0,0.0,0.0,0.0,0.0,0.0,0.0,0.0,0.0,0.0,0.0,0.0,0.0,0.0,0.0,0.0
699,0.0,0.0,0.0,0.0,0.0,0.0,0.0,0.0,0.0,0.0,0.0,0.0,3.956e-05,0.0,0.0,0.0,0.0,0.0,0.0
700,8.303e-05,0.00041274,3.141e-05,2.14e-05,0.0,0.0,0.0,5.804e-05,3.78e-06,4.09e-06,5.74e-06,2.54e-06,0.0,0.0007211,0.00040858,1.124e-05,2.909e-05,0.00036221,0.00037762
701,0.0,0.0,0.0,0.0,0.0,0.0,0.0,0.0,0.0,0.0,0.0,0.0,4.558e-05,0.0,0.0,0.0,0.0,0.0,0.0
703,0.00011459,0.0,0.0,0.0,0.0,0.0,0.0,0.0,0.0,0.0,0.0,0.0,4.671e-05,0.0,0.0,0.0,0.0,0.0,0.0
705,0.00010609,0.0,0.0,0.0,0.0,0.0,0.0,0.0,0.0,0.0,0.0,0.0,4.263e-05,0.0,0.0,0.0,0.0,0.0,0.0
707,0.0,0.0,0.0,0.0,0.0,0.0,0.0,0.0,0.0,0.0,0.0,0.0,4.09e-05,0.0,0.0,0.0,0.0,0.0,0.0
709,0.0,0.0,0.0,0.0,0.0,0.0,0.0,0.0,0.0,0.0,0.0,0.0,3.731e-05,0.0,0.0,0.0,0.0,0.0,0.0
710,7.745e-05,9.052e-05,2.396e-05,1.968e-05,0.0,0.0,0.0,3.895e-05,8.33e-06,2.95e-06,7.34e-06,3.81e-06,0.0,0.00011299,0.00052485,1.413e-05,5.792e-05,0.00025814,0.00023203
711,0.0,0.0,0.0,0.0,0.0,0.0,0.0,0.0,0.0,0.0,0.0,0.0,5.164e-05,0.0,0.0,0.0,0.0,0.0,0.0
713,0.00010068,0.0,0.0,0.0,0.0,0.0,0.0,0.0,0.0,0.0,0.0,0.0,4.605e-05,0.0,0.0,0.0,0.0,0.0,0.0
715,0.00010965,0.0,0.0,0.0,0.0,0.0,0.0,0.0,0.0,0.0,0.0,0.0,5.89e-05,0.0,0.0,0.0,0.0,0.0,0.0
718,0.00012055,0.0,0.0,0.0,0.0,0.0,0.0,0.0,0.0,0.0,0.0,0.0,0.0,0.0,0.0,0.0,0.0,0.0,0.0
719,0.0,0.0,0.0,0.0,0.0,0.0,0.0,0.0,0.0,0.0,0.0,0.0,4.776e-05,0.0,0.0,0.0,0.0,0.0,0.0
720,0.0001276,0.00010675,3.746e-05,2.229e-05,0.0,0.0,0.0,5.278e-05,7.27e-06,3.96e-06,8.1e-06,1.9e-06,0.0,0.00010547,0.00078443,1.043e-05,4.173e-05,4.994e-05,9.283e-05
721,0.0,0.0,0.0,0.0,0.0,0.0,0.0,0.0,0.0,0.0,0.0,0.0,5.577e-05,0.0,0.0,0.0,0.0,0.0,0.0
730,2.138e-05,4.23e-05,2.945e-05,2.581e-05,0.0,0.0,0.0,1.9e-05,8.24e-06,1.37e-06,3.61e-06,2.34e-06,2.877e-05,4.058e-05,0.00061574,1.273e-05,1.012e-05,1.79e-05,9.349e-05
733,0.0,0.0,0.0,0.0,0.0,0.0,0.0,0.0,0.0,0.0,0.0,0.0,0.0,0.0,0.00263646,0.0,0.0,0.0,0.0
734,0.0,0.0,0.0,0.0,0.0,0.0,0.0,0.0,0.0,0.0,0.0,0.0,0.0,0.0,0.00436661,0.0,0.0,0.0,0.0
735,0.0,0.0,0.0,0.0,0.0,0.0,0.0,0.0,0.0,0.0,0.0,0.0,0.0,0.0,0.00750206,0.0,0.0,0.0,0.0
736,0.0,0.0,0.0,0.0,0.0,0.0,0.0,0.0,0.0,0.0,0.0,0.0,0.0,0.0,0.0147673,0.0,0.0,0.0,0.0
737,0.0,0.0,0.0,0.0,0.0,0.0,0.0,0.0,0.0,0.0,0.0,0.0,0.0,0.0,0.0319952,0.0,0.0,0.0,0.0
738,0.0,0.0,0.0,0.0,0.0,0.0,0.0,0.0,0.0,0.0,0.0,0.0,0.0,0.0,0.0731371,0.0,0.0,0.0,0.0
739,0.0,0.0,0.0,0.0,0.0,0.0,0.0,0.0,0.0,0.0,0.0,0.0,0.0,0.0,0.149887,0.0,0.0,0.0,0.0
740,2.879e-05,8.473e-05,4.623e-05,2.971e-05,0.0,0.0,0.0,2.366e-05,1.2e-05,2.74e-06,1.286e-05,2.89e-06,0.00013814,0.00037467,0.27305,0.00015405,6.274e-05,8.089e-05,0.00010239
741,0.0,0.0,0.0,0.0,0.0,0.0,0.0,0.0,0.0,0.0,0.0,0.0,0.0,0.0,0.425666,0.0,0.0,0.0,0.0
742,0.0,0.0,0.0,0.0,0.0,0.0,0.0,0.0,0.0,0.0,0.0,0.0,0.0,0.0,0.590853,0.0,0.0,0.0,0.0
743,0.0,0.0,0.0,0.0,0.0,0.0,0.0,0.0,0.0,0.0,0.0,0.0,0.0,0.0,0.756157,0.0,0.0,0.0,0.0
744,0.0,0.0,0.0,0.0,0.0,0.0,0.0,0.0,0.0,0.0,0.0,0.0,0.0,0.0,0.893901,0.0,0.0,0.0,0.0
745,0.0,0.0,0.0,0.0,0.0,0.0,0.0,0.0,0.0,0.0,0.0,0.0,0.0,0.0,0.968958,0.0,0.0,0.0,0.0
746,0.0,0.0,0.0,0.0,0.0,0.0,0.0,0.0,0.0,0.0,0.0,0.0,0.0,0.0,1.0,0.0,0.0,0.0,0.0
747,0.0,0.0,0.0,0.0,0.0,0.0,0.0,0.0,0.0,0.0,0.0,0.0,0.0,0.0,0.999002,0.0,0.0,0.0,0.0
748,0.0,0.0,0.0,0.0,0.0,0.0,0.0,0.0,0.0,0.0,0.0,0.0,0.0,0.0,0.948556,0.0,0.0,0.0,0.0
749,0.0,0.0,0.0,0.0,0.0,0.0,0.0,0.0,0.0,0.0,0.0,0.0,0.0,0.0,0.850051,0.0,0.0,0.0,0.0
750,2.261e-05,6.57e-05,4.691e-05,2.788e-05,0.0,0.0,0.0,3.612e-05,2.083e-05,3.43e-06,1.458e-05,1.42e-06,0.00015617,0.00053236,0.724795,0.00045206,0.00012862,5.578e-05,8.243e-05
751,0.0,0.0,0.0,0.0,0.0,0.0,0.0,0.0,0.0,0.0,0.0,0.0,0.0,0.0,0.579505,0.0,0.0,0.0,0.0
752,0.0,0.0,0.0,0.0,0.0,0.0,0.0,0.0,0.0,0.0,0.0,0.0,0.0,0.0,0.394172,0.0,0.0,0.0,0.0
753,0.0,0.0,0.0,0.0,0.0,0.0,0.0,0.0,0.0,0.0,0.0,0.0,0.0,0.0,0.212883,0.0,0.0,0.0,0.0
754,0.0,0.0,0.0,0.0,0.0,0.0,0.0,0.0,0.0,0.0,0.0,0.0,0.0,0.0,0.092485,0.0,0.0,0.0,0.0
755,0.0,0.0,0.0,0.0,0.0,0.0,0.0,0.0,0.0,0.0,0.0,0.0,0.0,0.0,0.0417258,0.0,0.0,0.0,0.0
756,0.0,0.0,0.0,0.0,0.0,0.0,0.0,0.0,0.0,0.0,0.0,0.0,0.0,0.0,0.0188261,0.0,0.0,0.0,0.0
757,0.0,0.0,0.0,0.0,0.0,0.0,0.0,0.0,0.0,0.0,0.0,0.0,0.0,0.0,0.00845815,0.0,0.0,0.0,0.0
758,0.0,0.0,0.0,0.0,0.0,0.0,0.0,0.0,0.0,0.0,0.0,0.0,0.0,0.0,0.00379639,0.0,0.0,0.0,0.0
759,0.0,0.0,0.0,0.0,0.0,0.0,0.0,0.0,0.0,0.0,0.0,0.0,0.0,0.0,0.00170488,0.0,0.0,0.0,0.0
760,3.89e-05,0.00021521,3.049e-05,2.604e-05,0.0,0.0,0.0,4.928e-05,1.008e-05,1.051e-05,1.254e-05,3.85e-06,0.00018528,0.00052713,0.00077638,0.00032138,0.0002819,3.413e-05,0.00010144
761,0.0,0.0,0.0,0.0,0.0,0.0,0.0,0.0,0.0,0.0,0.0,0.0,0.0,0.0,0.00033511,0.0,0.0,0.0,0.0
762,0.0,0.0,0.0,0.0,0.0,0.0,0.0,0.0,0.0,0.0,0.0,0.0,0.0,0.0,0.00014504,0.0,0.0,0.0,0.0
770,3.217e-05,0.00044067,8.985e-05,4.312e-05,0.0,0.0,0.0,2.953e-05,1.392e-05,7.05e-06,1.903e-05,6.87e-06,0.00034462,0.00053784,0.00017585,0.00019541,0.00062659,3.121e-05,9.613e-05
780,3.942e-05,0.00082585,6.853e-05,3.332e-05,0.0,0.0,0.0,1.828e-05,1.859e-05,5.61e-06,1.908e-05,3.65e-06,0.00071047,0.00050885,7.525e-05,0.00016624,0.00218818,4.311e-05,0.00012011
790,4.938e-05,0.0010283,0.00010945,5.406e-05,0.0,0.0,0.0,2.639e-05,1.6e-05,1.212e-05,1.997e-05,5.32e-06,0.00056473,0.00070728,7.887e-05,0.00015278,0.00019012,0.00010926,0.00013732
800,5.681e-05,0.00179476,6.623e-05,4.557e-05,0.0,0.0,0.0,2.776e-05,1.718e-05,1.145e-05,1.542e-05,5.65e-06,0.00103737,0.00092215,7.42e-05,0.00015077,0.00012284,0.0001664,0.00010792
803,0.0,0.00074696,0.0,0.0,0.0,0.0,0.0,0.0,0.0,0.0,0.0,0.0,0.0,0.0,0.0,0.0,0.0,0.0,0.0
805,0.0,0.00113458,0.0,0.0,0.0,0.0,0.0,0.0,0.0,0.0,0.0,0.0,0.0,0.0,0.0,0.0,0.0,0.0,0.0
808,0.0,0.00165372,0.0,0.0,0.0,0.0,0.0,0.0,0.0,0.0,0.0,0.0,0.0,0.0,0.0,0.0,0.0,0.0,0.0
810,6.693e-05,0.00193717,5.941e-05,6.625e-05,0.0,0.0,0.0,2.565e-05,2.267e-05,7.97e-06,2.709e-05,1.074e-05,0.00063522,0.00088049,8.859e-05,0.00017582,0.00036259,0.00114376,0.00030063
813,0.0,0.00283349,0.0,0.0,0.0,0.0,0.0,0.0,0.0,0.0,0.0,0.0,0.0,0.0,0.0,0.0,0.0,0.0,0.0
815,0.0,0.00395436,0.0,0.0,0.0,0.0,0.0,0.0,0.0,0.0,0.0,0.0,0.0,0.0,0.0,0.0,0.0,0.0,0.0
818,0.0,0.00707876,0.0,0.0,0.0,0.0,0.0,0.0,0.0,0.0,0.0,0.0,0.0,0.0,0.0,0.0,0.0,0.0,0.0
820,0.00011817,0.0125305,9.476e-05,7.161e-05,0.0,0.0,0.0,4.709e-05,4.028e-05,1.412e-05,2.935e-05,1.341e-05,0.0006069,0.00086961,0.00010726,0.0002233,0.00041558,0.00359902,0.00027626
823,0.0,0.0291913,0.0,0.0,0.0,0.0,0.0,0.0,0.0,0.0,0.0,0.0,0.0,0.0,0.0,0.0,0.0,0.0,0.0
825,0.0,0.0553052,0.0,0.0,0.0,0.0,0.0,0.0,0.0,0.0,0.0,0.0,0.0,0.0,0.0,0.0,0.0,0.0,0.0
828,0.0,0.113904,0.0,0.0,0.0,0.0,0.0,0.0,0.0,0.0,0.0,0.0,0.0,0.0,0.0,0.0,0.0,0.0,0.0
830,6.453e-05,0.164168,0.00011964,7.686e-05,0.0,0.0,0.0,7.703e-05,2.861e-05,1.229e-05,2.934e-05,1.247e-05,0.00085043,0.00105499,0.00014657,0.00029018,0.0004803,0.00011388,0.0001241
833,0.0,0.247134,0.0,0.0,0.0,0.0,0.0,0.0,0.0,0.0,0.0,0.0,0.0,0.0,0.0,0.0,0.0,0.0,0.0
835,0.0,0.329724,0.0,0.0,0.0,0.0,0.0,0.0,0.0,0.0,0.0,0.0,0.0,0.0,0.0,0.0,0.0,0.0,0.0
838,0.0,0.517874,0.0,0.0,0.0,0.0,0.0,0.0,0.0,0.0,0.0,0.0,0.0,0.0,0.0,0.0,0.0,0.0,0.0
840,0.00015133,0.686537,0.00013734,0.00012579,0.0,0.0,0.0,6.458e-05,1.37e-05,1.059e-05,2.912e-05,7.2e-06,0.00197585,0.0014393,0.00018242,0.00064048,0.00070442,0.00011386,0.0002436
843,0.0,0.899397,0.0,0.0,0.0,0.0,0.0,0.0,0.0,0.0,0.0,0.0,0.0,0.0,0.0,0.0,0.0,0.0,0.0
845,0.0,0.950015,0.0,0.0,0.0,0.0,0.0,0.0,0.0,0.0,0.0,0.0,0.0,0.0,0.0,0.0,0.0,0.0,0.0
847,0.0,0.0,0.0,0.0,0.0,0.0,0.0,0.0,0.0,0.0,0.0,0.0,0.0,0.0,0.0,0.00108751,0.0,0.0,0.0
848,0.0,0.961036,0.0,0.0,0.0,0.0,0.0,0.0,0.0,0.0,0.0,0.0,0.0,0.0,0.0,0.00191672,0.0,0.0,0.0
849,0.0,0.0,0.0,0.0,0.0,0.0,0.0,0.0,0.0,0.0,0.0,0.0,0.0,0.0,0.0,0.00337639,0.0,0.0,0.0
850,0.0002308,0.951878,0.0001573,0.00020143,0.0,0.0,0.0,0.00010349,2.584e-05,1.442e-05,3.746e-05,1.456e-05,0.00173451,0.002407,0.00037556,0.00643322,0.00099304,8.352e-05,0.00012642
851,0.0,0.0,0.0,0.0,0.0,0.0,0.0,0.0,0.0,0.0,0.0,0.0,0.0,0.0,0.0,0.0118963,0.0,0.0,0.0
852,0.0,0.0,0.0,0.0,0.0,0.0,0.0,0.0,0.0,0.0,0.0,0.0,0.0,0.0,0.0,0.0234688,0.0,0.0,0.0
853,0.0,0.941617,0.0,0.0,0.0,0.0,0.0,0.0,0.0,0.0,0.0,0.0,0.0,0.0,0.0,0.0439229,0.0,0.0,0.0
854,0.0,0.0,0.0,0.0,0.0,0.0,0.0,0.0,0.0,0.0,0.0,0.0,0.0,0.0,0.0,0.0800571,0.0,0.0,0.0
855,0.0,0.947638,0.0,0.0,0.0,0.0,0.0,0.0,0.0,0.0,0.0,0.0,0.0,0.0,0.0,0.137202,0.0,0.0,0.0
856,0.0,0.0,0.0,0.0,0.0,0.0,0.0,0.0,0.0,0.0,0.0,0.0,0.0,0.0,0.0,0.216302,0.0,0.0,0.0
857,0.0,0.0,0.0,0.0,0.0,0.0,0.0,0.0,0.0,0.0,0.0,0.0,0.0,0.0,0.0,0.320583,0.0,0.0,0.0
858,0.0,0.972597,0.0,0.0,0.0,0.0,0.0,0.0,0.0,0.0,0.0,0.0,0.0,0.0,0.0,0.440943,0.0,0.0,0.0
859,0.0,0.0,0.0,0.0,0.0,0.0,0.0,0.0,0.0,0.0,0.0,0.0,0.0,0.0,0.0,0.57562,0.0,0.0,0.0
860,0.00019767,0.992119,0.00022864,0.00020142,0.0,0.0,0.0,0.00014634,3.631e-05,1.868e-05,2.563e-05,9.93e-06,0.00302237,0.00269147,0.00102471,0.705557,0.00209355,5.311e-05,0.00059004
861,0.0,0.0,0.0,0.0,0.0,0.0,0.0,0.0,0.0,0.0,0.0,0.0,0.0,0.0,0.0,0.821097,0.0,0.0,0.0
862,0.0,0.0,0.0,0.0,0.0,0.0,0.0,0.0,0.0,0.0,0.0,0.0,0.0,0.0,0.0,0.908016,0.0,0.0,0.0
863,0.0,1.0,0.0,0.0,0.0,0.0,0.0,0.0,0.0,0.0,0.0,0.0,0.0,0.0,0.0,0.965926,0.00153669,0.0,0.0
864,0.0,0.0,0.0,0.0,0.0,0.0,0.0,0.0,0.0,0.0,0.0,0.0,0.0,0.0,0.0,0.993946,0.0,0.0,0.0
865,0.0,0.982019,0.0,0.0,0.0,0.0,0.0,0.0,0.0,0.0,0.0,0.0,0.0,0.0,0.0,1.0,0.0,0.0,0.0
866,0.0,0.0,0.0,0.0,0.0,0.0,0.0,0.0,0.0,0.0,0.0,0.0,0.0,0.0,0.0,0.992554,0.00381636,0.0,0.0
867,0.0,0.0,0.0,0.0,0.0,0.0,0.0,0.0,0.0,0.0,0.0,0.0,0.0,0.0,0.0,0.984748,0.0,0.0,0.0
868,0.0,0.948361,0.0,0.0,0.0,0.0,0.0,0.0,0.0,0.0,0.0,0.0,0.0,0.0,0.0,0.971232,0.0,0.0,0.00055217
869,0.0,0.0,0.0,0.0,0.0,0.0,0.0,0.0,0.0,0.0,0.0,0.0,0.0,0.0,0.0,0.944046,0.00716805,0.0,0.0
870,0.00016388,0.905963,0.00015156,0.00017971,0.0,0.0,0.0,8.995e-05,4.6e-05,1.998e-05,3.184e-05,5.57e-06,0.00064762,0.00498437,0.00382516,0.89756,0.0,5.429e-05,0.0
871,0.0,0.0,0.0,0.0,0.0,0.0,0.0,0.0,0.0,0.0,0.0,0.0,0.0,0.0,0.0,0.821835,0.0,0.0,0.00138738
872,0.0,0.0,0.0,0.0,0.0,0.0,0.0,0.0,0.0,0.0,0.0,0.0,0.0,0.0,0.0,0.725226,0.0140354,0.0,0.0
873,0.0,0.747951,0.0,0.0,0.0,0.0,0.0,0.0,0.0,0.0,0.0,0.0,0.0,0.0,0.0,0.624753,0.0,0.0,0.0
874,0.0,0.0,0.0,0.0,0.0,0.0,0.0,0.0,0.0,0.0,0.0,0.0,0.0,0.0,0.0,0.507534,0.0,0.0,0.00246915
875,0.0,0.537965,0.0,0.0,0.0,0.0,0.0,0.0,0.0,0.0,0.0,0.0,0.0,0.0,0.0,0.374478,0.0287295,0.0,0.0
876,0.0,0.0,0.0,0.0,0.0,0.0,0.0,0.0,0.0,0.0,0.0,0.0,0.0,0.0,0.0,0.227633,0.0,0.0,0.0
877,0.0,0.0,0.0,0.0,0.0,0.0,0.0,0.0,0.0,0.0,0.0,0.0,0.0,0.0,0.0,0.112904,0.0,0.0,0.0032992
878,0.0,0.230191,0.0,0.0,0.0,0.0,0.0,0.0,0.0,0.0,0.0,0.0,0.0,0.0,0.0,0.0547014,0.0638651,0.0,0.0
879,0.0,0.0,0.0,0.0,0.0,0.0,0.0,0.0,0.0,0.0,0.0,0.0,0.0,0.0,0.0,0.0295694,0.0,0.0,0.0
880,5.332e-05,0.133463,9.434e-05,7.625e-05,0.0,0.0,0.0,4.549e-05,2.61e-05,2.563e-05,1.866e-05,9.53e-06,0.0004147,0.00054015,0.00015661,0.0176688,0.0,0.00010935,0.00373277
881,0.0,0.0,0.0,0.0,0.0,0.0,0.0,0.0,0.0,0.0,0.0,0.0,0.0,0.0,0.0,0.0115852,0.141549,0.0,0.0
882,0.0,0.0,0.0,0.0,0.0,0.0,0.0,0.0,0.0,0.0,0.0,0.0,0.0,0.0,0.0,0.0080226,0.0,0.0,0.0
883,0.0,0.0674524,0.0,0.0,0.0,0.0,0.0,0.0,0.0,0.0,0.0,0.0,0.0,0.0,0.0,0.00570772,0.0,0.0,0.00433887
884,0.0,0.0,0.0,0.0,0.0,0.0,0.0,0.0,0.0,0.0,0.0,0.0,0.0,0.0,0.0,0.00415471,0.299075,0.0,0.0
885,0.0,0.0508459,0.0,0.0,0.0,0.0,0.0,0.0,0.0,0.0,0.0,0.0,0.0,0.0,0.0,0.00296429,0.0,0.0,0.0
886,0.0,0.0,0.0,0.0,0.0,0.0,0.0,0.0,0.0,0.0,0.0,0.0,0.0,0.0,0.0,0.00202834,0.0,0.0,0.00608017
887,0.0,0.0,0.0,0.0,0.0,0.0,0.0,0.0,0.0,0.0,0.0,0.0,0.0,0.0,0.0,0.00131317,0.536146,0.0,0.0
888,0.0,0.0368758,0.0,0.0,0.0,0.0,0.0,0.0,0.0,0.0,0.0,0.0,0.0,0.0,0.0,0.00079151,0.0,0.0,0.0
889,0.0,0.0,0.0,0.0,0.0,0.0,0.0,0.0,0.0,0.0,0.0,0.0,0.0,0.0,0.0,0.00050656,0.0,0.0,0.0102262
890,6.351e-05,0.03086,7.705e-05,5.764e-05,0.0,0.0,0.0,1.558e-05,1.232e-05,3.339e-05,1.866e-05,5.24e-06,0.00038,0.00042983,0.0001105,0.00027149,0.781357,0.0001652,0.0
891,0.0,0.0,0.0,0.0,0.0,0.0,0.0,0.0,0.0,0.0,0.0,0.0,0.0,0.0,0.0,0.00013995,0.0,0.0,0.0
892,0.0,0.0,0.0,0.0,0.0,0.0,0.0,0.0,0.0,0.0,0.0,0.0,0.0,0.0,0.0,0.0,0.0,0.0,0.0179884
893,0.0,0.022257,0.0,0.0,0.0,0.0,0.0,0.0,0.0,0.0,0.0,0.0,0.0,0.0,0.0,0.0,0.932649,0.0,0.0
895,0.0,0.0170015,0.0,0.0,0.0,0.0,0.0,0.0,0.0,0.0,0.0,0.0,0.0,0.0,0.0,0.0,0.0,0.0,0.0313845
896,0.0,0.0,0.0,0.0,0.0,0.0,0.0,0.0,0.0,0.0,0.0,0.0,0.0,0.0,0.0,0.0,0.978567,0.0,0.0
898,0.0,0.00998963,0.0,0.0,0.0,0.0,0.0,0.0,0.0,0.0,0.0,0.0,0.0,0.0,0.0,0.0,0.0,0.0,0.0492473
899,0.0,0.0,0.0,0.0,0.0,0.0,0.0,0.0,0.0,0.0,0.0,0.0,0.0,0.0,0.0,0.0,0.991874,0.0,0.0
900,5.136e-05,0.00775458,7.065e-05,2.875e-05,0.0,0.0,0.0,1.724e-05,1.676e-05,3.258e-05,1.852e-05,4.56e-06,0.00031301,0.00036288,5.376e-05,0.0002831,0.0,0.00013852,0.0
901,0.0,0.0,0.0,0.0,0.0,0.0,0.0,0.0,0.0,0.0,0.0,0.0,0.0,0.0,0.0,0.0,0.0,0.0,0.0744332
902,0.0,0.0,0.0,0.0,0.0,0.0,0.0,0.0,0.0,0.0,0.0,0.0,0.0,0.0,0.0,0.0,1.0,0.0,0.0
904,0.0,0.0,0.0,0.0,0.0,0.0,0.0,0.0,0.0,0.0,0.0,0.0,0.0,0.0,0.0,0.0,0.0,0.0,0.119953
905,0.0,0.0,0.0,0.0,0.0,0.0,0.0,0.0,0.0,0.0,0.0,0.0,0.0,0.0,0.0,0.0,0.995018,0.0,0.0
907,0.0,0.0,0.0,0.0,0.0,0.0,0.0,0.0,0.0,0.0,0.0,0.0,0.0,0.0,0.0,0.0,0.0,0.0,0.210168
908,0.0,0.0,0.0,0.0,0.0,0.0,0.0,0.0,0.0,0.0,0.0,0.0,0.0,0.0,0.0,0.0,0.985953,0.0,0.0
910,6.447e-05,0.00477509,7.359e-05,3.782e-05,0.0,0.0,0.0,1.258e-05,1.774e-05,3.677e-05,2.033e-05,1.031e-05,0.00039022,0.00039864,4.003e-05,0.00018705,0.0,0.00034252,0.365959
911,0.0,0.0,0.0,0.0,0.0,0.0,0.0,0.0,0.0,0.0,0.0,0.0,0.0,0.0,0.0,0.0,0.984673,0.0,0.0
913,0.0,0.0,0.0,0.0,0.0,0.0,0.0,0.0,0.0,0.0,0.0,0.0,0.0,0.0,0.0,0.0,0.0,0.0,0.557468
914,0.0,0.0,0.0,0.0,0.0,0.0,0.0,0.0,0.0,0.0,0.0,0.0,0.0,0.0,0.0,0.0,0.983359,0.0,0.0
916,0.0,0.0,0.0,0.0,0.0,0.0,0.0,0.0,0.0,0.0,0.0,0.0,0.0,0.0,0.0,0.0,0.0,0.0,0.710465
917,0.0,0.0,0.0,0.0,0.0,0.0,0.0,0.0,0.0,0.0,0.0,0.0,0.0,0.0,0.0,0.0,0.896885,0.0,0.0
919,0.0,0.0,0.0,0.0,0.0,0.0,0.0,0.0,0.0,0.0,0.0,0.0,0.0,0.0,0.0,0.0,0.0,0.0,0.790124
920,3.506e-05,0.00550343,5.842e-05,4.077e-05,0.0,0.0,0.0,1.085e-05,1.476e-05,2.819e-05,2.145e-05,1.285e-05,0.00071606,0.00047091,3.214e-05,0.0001009,0.657037,0.00631466,0.0
921,0.0,0.0,0.0,0.0,0.0,0.0,0.0,0.0,0.0,0.0,0.0,0.0,0.0,0.0,0.0,0.0,0.0,0.00260296,0.0
922,0.0,0.0,0.0,0.0,0.0,0.0,0.0,0.0,0.0,0.0,0.0,0.0,0.0,0.0,0.0,0.0,0.0,0.00811997,0.834156
923,0.0,0.0,0.0,0.0,0.0,0.0,0.0,0.0,0.0,0.0,0.0,0.0,0.0,0.0,0.0,0.0,0.349541,0.020514,0.0
924,0.0,0.0,0.0,0.0,0.0,0.0,0.0,0.0,0.0,0.0,0.0,0.0,0.0,0.0,0.0,0.0,0.0,0.0466882,0.0
925,0.0,0.0,0.0,0.0,0.0,0.0,0.0,0.0,0.0,0.0,0.0,0.0,0.0,0.0,0.0,0.0,0.0,0.0968849,0.874839
926,0.0,0.0,0.0,0.0,0.0,0.0,0.0,0.0,0.0,0.0,0.0,0.0,0.0,0.0,0.0,0.0,0.150066,0.176443,0.0
927,0.0,0.0,0.0,0.0,0.0,0.0,0.0,0.0,0.0,0.0,0.0,0.0,0.0,0.0,0.0,0.0,0.0,0.283054,0.0
928,0.0,0.0,0.0,0.0,0.0,0.0,0.0,0.0,0.0,0.0,0.0,0.0,0.0,0.0,0.0,0.0,0.0,0.40788,0.908208
929,0.0,0.0,0.0,0.0,0.0,0.0,0.0,0.0,0.0,0.0,0.0,0.0,0.0,0.0,0.0,0.0,0.0696377,0.5397,0.0
930,3.443e-05,0.00352123,6.471e-05,4.974e-05,0.0,0.0,0.0,8.61e-06,1.581e-05,1.449e-05,1.099e-05,1.129e-05,0.00033865,0.00046561,2.211e-05,5.302e-05,0.0,0.671584,0.0
931,0.0,0.0,0.0,0.0,0.0,0.0,0.0,0.0,0.0,0.0,0.0,0.0,0.0,0.0,0.0,0.0,0.0,0.795694,0.933493
932,0.0,0.0,0.0,0.0,0.0,0.0,0.0,0.0,0.0,0.0,0.0,0.0,0.0,0.0,0.0,0.0,0.0367187,0.895987,0.0
933,0.0,0.0,0.0,0.0,0.0,0.0,0.0,0.0,0.0,0.0,0.0,0.0,0.0,0.0,0.0,0.0,0.0,0.96191,0.0
934,0.0,0.0,0.0,0.0,0.0,0.0,0.0,0.0,0.0,0.0,0.0,0.0,0.0,0.0,0.0,0.0,0.0,0.99259,0.963159
935,0.0,0.0,0.0,0.0,0.0,0.0,0.0,0.0,0.0,0.0,0.0,0.0,0.0,0.0,0.0,0.0,0.0197457,1.0,0.0
936,0.0,0.0,0.0,0.0,0.0,0.0,0.0,0.0,0.0,0.0,0.0,0.0,0.0,0.0,0.0,0.0,0.0,0.995637,0.0
937,0.0,0.0,0.0,0.0,0.0,0.0,0.0,0.0,0.0,0.0,0.0,0.0,0.0,0.0,0.0,0.0,0.0,0.982598,0.988785
938,0.0,0.0,0.0,0.0,0.0,0.0,0.0,0.0,0.0,0.0,0.0,0.0,0.0,0.0,0.0,0.0,0.0101436,0.952544,0.0
939,0.0,0.0,0.0,0.0,0.0,0.0,0.0,0.0,0.0,0.0,0.0,0.0,0.0,0.0,0.0,0.0,0.0,0.895022,0.0
940,3.322e-05,0.00129277,9.032e-05,5.045e-05,0.0,0.0,0.0,2.761e-05,1.754e-05,1.518e-05,2.065e-05,1.676e-05,0.00027735,0.00040574,2.203e-05,4.065e-05,0.0,0.800844,1.0
941,0.0,0.0,0.0,0.0,0.0,0.0,0.0,0.0,0.0,0.0,0.0,0.0,0.0,0.0,0.0,0.0,0.00500915,0.677737,0.0
942,0.0,0.0,0.0,0.0,0.0,0.0,0.0,0.0,0.0,0.0,0.0,0.0,0.0,0.0,0.0,0.0,0.0,0.538162,0.0
943,0.0,0.0,0.0,0.0,0.0,0.0,0.0,0.0,0.0,0.0,0.0,0.0,0.0,0.0,0.0,0.0,0.0,0.39978,0.995003
944,0.0,0.0,0.0,0.0,0.0,0.0,0.0,0.0,0.0,0.0,0.0,0.0,0.0,0.0,0.0,0.0,0.00282929,0.271567,0.0
945,0.0,0.0,0.0,0.0,0.0,0.0,0.0,0.0,0.0,0.0,0.0,0.0,0.0,0.0,0.0,0.0,0.0,0.160349,0.0
946,0.0,0.0,0.0,0.0,0.0,0.0,0.0,0.0,0.0,0.0,0.0,0.0,0.0,0.0,0.0,0.0,0.0,0.0801314,0.986899
947,0.0,0.0,0.0,0.0,0.0,0.0,0.0,0.0,0.0,0.0,0.0,0.0,0.0,0.0,0.0,0.0,0.00185772,0.034489,0.0
948,0.0,0.0,0.0,0.0,0.0,0.0,0.0,0.0,0.0,0.0,0.0,0.0,0.0,0.0,0.0,0.0,0.0,0.0141569,0.0
949,0.0,0.0,0.0,0.0,0.0,0.0,0.0,0.0,0.0,0.0,0.0,0.0,0.0,0.0,0.0,0.0,0.0,0.00514307,0.957158
950,7.76e-05,0.00294685,8.404e-05,5.703e-05,0.0,0.0,0.0,2.724e-05,8.81e-06,6.23e-06,1.521e-05,9.83e-06,0.00028815,0.00034599,9.16e-06,7.49e-05,0.00139462,0.00181415,0.0
952,0.0,0.0,0.0,0.0,0.0,0.0,0.0,0.0,0.0,0.0,0.0,0.0,0.0,0.0,0.0,0.0,0.0,0.0,0.866557
955,0.0,0.0,0.0,0.0,0.0,0.0,0.0,0.0,0.0,0.0,0.0,0.0,0.0,0.0,0.0,0.0,0.0,0.0,0.710571
958,0.0,0.0,0.0,0.0,0.0,0.0,0.0,0.0,0.0,0.0,0.0,0.0,0.0,0.0,0.0,0.0,0.0,0.0,0.523736
960,8.879e-05,0.00218502,8.735e-05,5.285e-05,0.0,0.0,0.0,2.44e-05,1.742e-05,8.51e-06,1.075e-05,9.05e-06,0.00035646,0.00033287,8.32e-06,8.299e-05,0.0012781,0.00032885,0.0
961,0.0,0.0,0.0,0.0,0.0,0.0,0.0,0.0,0.0,0.0,0.0,0.0,0.0,0.0,0.0,0.0,0.0,0.0,0.355433
964,0.0,0.0,0.0,0.0,0.0,0.0,0.0,0.0,0.0,0.0,0.0,0.0,0.0,0.0,0.0,0.0,0.0,0.0,0.22512
967,0.0,0.0,0.0,0.0,0.0,0.0,0.0,0.0,0.0,0.0,0.0,0.0,0.0,0.0,0.0,0.0,0.0,0.0,0.135065
970,0.00013901,0.00188737,0.0001185,7.569e-05,0.0,0.0,0.0,2.697e-05,1.501e-05,7.09e-06,1.335e-05,4.68e-06,0.00018445,0.00025907,5.64e-06,0.00014834,0.00067535,8.013e-05,0.0778813
973,0.0,0.0,0.0,0.0,0.0,0.0,0.0,0.0,0.0,0.0,0.0,0.0,0.0,0.0,0.0,0.0,0.0,0.0,0.0456242
976,0.0,0.0,0.0,0.0,0.0,0.0,0.0,0.0,0.0,0.0,0.0,0.0,0.0,0.0,0.0,0.0,0.0,0.0,0.0289594
979,0.0,0.0,0.0,0.0,0.0,0.0,0.0,0.0,0.0,0.0,0.0,0.0,0.0,0.0,0.0,0.0,0.0,0.0,0.0204673
980,4.795e-05,0.00200623,6.286e-05,6.464e-05,0.0,0.0,0.0,3.117e-05,1.142e-05,6.48e-06,9.59e-06,5.77e-06,0.00015066,0.00021822,9.62e-06,0.00020841,0.00058151,3.704e-05,0.0
982,0.0,0.0,0.0,0.0,0.0,0.0,0.0,0.0,0.0,0.0,0.0,0.0,0.0,0.0,0.0,0.0,0.0,0.0,0.0158911
985,0.0,0.0,0.0,0.0,0.0,0.0,0.0,0.0,0.0,0.0,0.0,0.0,0.0,0.0,0.0,0.0,0.0,0.0,0.0129311
988,0.0,0.0,0.0,0.0,0.0,0.0,0.0,0.0,0.0,0.0,0.0,0.0,0.0,0.0,0.0,0.0,0.0,0.0,0.0103355
990,3.384e-05,9.24e-05,4.315e-05,4.672e-05,0.0,0.0,0.0,1.477e-05,1.005e-05,6.89e-06,1.155e-05,4.77e-06,0.00015552,0.00020964,5.03e-06,0.00012508,0.00036218,2.556e-05,0.0
991,0.0,0.0,0.0,0.0,0.0,0.0,0.0,0.0,0.0,0.0,0.0,0.0,0.0,0.0,0.0,0.0,0.0,0.0,0.00772749
994,0.0,0.0,0.0,0.0,0.0,0.0,0.0,0.0,0.0,0.0,0.0,0.0,0.0,0.0,0.0,0.0,0.0,0.0,0.00555292
997,0.0,0.0,0.0,0.0,0.0,0.0,0.0,0.0,0.0,0.0,0.0,0.0,0.0,0.0,0.0,0.0,0.0,0.0,0.00377608
1000,3.275e-05,6.444e-05,5.736e-05,4.692e-05,0.0,0.0,0.0,1.685e-05,9.66e-06,5.23e-06,7.33e-06,3.94e-06,0.00026885,0.00019027,7.17e-06,9.994e-05,0.00042391,4.039e-05,0.00259656
1003,0.0,0.0,0.0,0.0,0.0,0.0,0.0,0.0,0.0,0.0,0.0,0.0,0.0,0.0,0.0,0.0,0.0,0.0,0.00191091
1006,0.0,0.0,0.0,0.0,0.0,0.0,0.0,0.0,0.0,0.0,0.0,0.0,0.0,0.0,0.0,0.0,0.0,0.0,0.0015974
1009,0.0,0.0,0.0,0.0,0.0,0.0,0.0,0.0,0.0,0.0,0.0,0.0,0.0,0.0,0.0,0.0,0.0,0.0,0.00148869
1010,4.122e-05,8.825e-05,2.866e-05,3.553e-05,0.0,0.0,0.0,7.55e-06,1.636e-05,5.75e-06,7.21e-06,7.06e-06,7.608e-05,0.00013605,4.09e-06,0.00012948,0.00038146,1.903e-05,0.0
1012,0.0,0.0,0.0,0.0,0.0,0.0,0.0,0.0,0.0,0.0,0.0,0.0,0.0,0.0,0.0,0.0,0.0,0.0,0.00148732
1015,0.0,0.0,0.0,0.0,0.0,0.0,0.0,0.0,0.0,0.0,0.0,0.0,0.0,0.0,0.0,0.0,0.0,0.0,0.00151618
1020,5.93e-05,8.12e-05,5.063e-05,6.181e-05,0.0,0.0,0.0,3.086e-05,1.435e-05,3.45e-06,8.21e-06,5.61e-06,6.706e-05,0.00012737,5.05e-06,0.00027828,0.00045003,5.15e-05,0.00181252
1030,6.126e-05,7.898e-05,4.226e-05,4.639e-05,0.0,0.0,0.0,9.48e-06,1.363e-05,9.13e-06,1.039e-05,3.99e-06,0.000275,0.0002378,4.58e-06,0.00016183,0.00051284,5.091e-05,0.00086473
1040,5.36e-05,0.00027972,3.847e-05,6.037e-05,0.0,0.0,0.0,1.157e-05,1.85e-05,1.069e-05,9.65e-06,3.25e-06,8.279e-05,0.00013674,9.39e-06,0.00030767,0.0005291,3.827e-05,0.00067917
1050,6.062e-05,8.731e-05,8.531e-05,9.764e-05,0.0,0.0,0.0,3.365e-05,3.232e-05,1.194e-05,8.53e-06,8.68e-06,5.904e-05,0.00018056,8.02e-06,0.00021142,0.00026195,5.999e-05,0.00127365
1060,7.262e-05,9.057e-05,6.367e-05,5.23e-05,0.0,0.0,0.0,2.063e-05,2.166e-05,9.31e-06,8.98e-06,6.03e-06,4.867e-05,0.00078904,8.33e-06,0.00018715,6.449e-05,7.304e-05,0.00091526
1070,7.034e-05,0.00012349,7.83e-05,8.693e-05,0.0,0.0,0.0,3.678e-05,1.4e-05,1.111e-05,7.52e-06,9.31e-06,6.71e-05,6.955e-05,1.325e-05,0.00018435,7.387e-05,0.00045857,0.00165244
1080,7.896e-05,0.00020144,0.00010556,0.00011768,0.0,0.0,0.0,2.476e-05,2.592e-05,1.773e-05,1.99e-05,5.86e-06,9.134e-05,5.913e-05,1.849e-05,0.00037387,0.00015005,0.00019864,0.00055961
1090,9.239e-05,0.00025482,0.00012549,0.00014716,0.0,0.0,0.0,5.274e-05,5.177e-05,2.232e-05,1.02e-05,1.157e-05,0.00010255,7.379e-05,2.597e-05,0.00067873,0.00018275,0.00072187,0.000206
1100,0.00012603,0.00025243,0.00016521,0.0001778,1.625e-05,4.84e-06,4.06e-06,0.00010095,6.213e-05,3.119e-05,3.828e-05,3.033e-05,6.091e-05,0.00016931,2.458e-05,0.00030072,0.00030764,0.00016572,0.00021316
1140,0.0,0.0,0.0,0.0,2.371e-05,1.61e-06,1.02e-06,0.0,0.0,0.0,0.0,0.0,0.0,0.0,0.0,0.0,0.0,0.0,0.0
1180,0.0,0.0,0.0,0.0,0.00025899,1.86e-06,1.02e-06,0.0,0.0,0.0,0.0,0.0,0.0,0.0,0.0,0.0,0.0,0.0,0.0
1198,0.0,0.0,0.0,0.0,8.148e-05,0.0,0.0,0.0,0.0,0.0,0.0,0.0,0.0,0.0,0.0,0.0,0.0,0.0,0.0
1200,0.0,0.0,0.0,0.0,0.00014308,0.0,0.0,0.0,0.0,0.0,0.0,0.0,0.0,0.0,0.0,0.0,0.0,0.0,0.0
1202,0.0,0.0,0.0,0.0,0.00018781,0.0,0.0,0.0,0.0,0.0,0.0,0.0,0.0,0.0,0.0,0.0,0.0,0.0,0.0
1204,0.0,0.0,0.0,0.0,0.00045087,0.0,0.0,0.0,0.0,0.0,0.0,0.0,0.0,0.0,0.0,0.0,0.0,0.0,0.0
1206,0.0,0.0,0.0,0.0,0.00074341,0.0,0.0,0.0,0.0,0.0,0.0,0.0,0.0,0.0,0.0,0.0,0.0,0.0,0.0
1208,0.0,0.0,0.0,0.0,0.00111233,0.0,0.0,0.0,0.0,0.0,0.0,0.0,0.0,0.0,0.0,0.0,0.0,0.0,0.0
1210,0.0,0.0,0.0,0.0,0.00304024,0.0,0.0,0.0,0.0,0.0,0.0,0.0,0.0,0.0,0.0,0.0,0.0,0.0,0.0
1212,0.0,0.0,0.0,0.0,0.00560942,0.0,0.0,0.0,0.0,0.0,0.0,0.0,0.0,0.0,0.0,0.0,0.0,0.0,0.0
1214,0.0,0.0,0.0,0.0,0.00777441,0.0,0.0,0.0,0.0,0.0,0.0,0.0,0.0,0.0,0.0,0.0,0.0,0.0,0.0
1216,0.0,0.0,0.0,0.0,0.0187724,0.0,0.0,0.0,0.0,0.0,0.0,0.0,0.0,0.0,0.0,0.0,0.0,0.0,0.0
1218,0.0,0.0,0.0,0.0,0.0321479,0.0,0.0,0.0,0.0,0.0,0.0,0.0,0.0,0.0,0.0,0.0,0.0,0.0,0.0
1220,0.0,0.0,0.0,0.0,0.0426703,4.341e-05,2.03e-06,0.0,0.0,0.0,0.0,0.0,0.0,0.0,0.0,0.0,0.0,0.0,0.0
1222,0.0,0.0,0.0,0.0,0.0937679,0.0,0.0,0.0,0.0,0.0,0.0,0.0,0.0,0.0,0.0,0.0,0.0,0.0,0.0
1224,0.0,0.0,0.0,0.0,0.154784,0.0,0.0,0.0,0.0,0.0,0.0,0.0,0.0,0.0,0.0,0.0,0.0,0.0,0.0
1226,0.0,0.0,0.0,0.0,0.200808,0.0,0.0,0.0,0.0,0.0,0.0,0.0,0.0,0.0,0.0,0.0,0.0,0.0,0.0
1228,0.0,0.0,0.0,0.0,0.383924,0.0,0.0,0.0,0.0,0.0,0.0,0.0,0.0,0.0,0.0,0.0,0.0,0.0,0.0
1230,0.0,0.0,0.0,0.0,0.527227,0.0,0.0,0.0,0.0,0.0,0.0,0.0,0.0,0.0,0.0,0.0,0.0,0.0,0.0
1232,0.0,0.0,0.0,0.0,0.596294,0.0,0.0,0.0,0.0,0.0,0.0,0.0,0.0,0.0,0.0,0.0,0.0,0.0,0.0
1234,0.0,0.0,0.0,0.0,0.785996,0.0,0.0,0.0,0.0,0.0,0.0,0.0,0.0,0.0,0.0,0.0,0.0,0.0,0.0
1236,0.0,0.0,0.0,0.0,0.871779,0.0,0.0,0.0,0.0,0.0,0.0,0.0,0.0,0.0,0.0,0.0,0.0,0.0,0.0
1238,0.0,0.0,0.0,0.0,0.899536,0.0,0.0,0.0,0.0,0.0,0.0,0.0,0.0,0.0,0.0,0.0,0.0,0.0,0.0
1240,0.0,0.0,0.0,0.0,0.966143,0.0,0.0,0.0,0.0,0.0,0.0,0.0,0.0,0.0,0.0,0.0,0.0,0.0,0.0
1242,0.0,0.0,0.0,0.0,0.995624,0.0,0.0,0.0,0.0,0.0,0.0,0.0,0.0,0.0,0.0,0.0,0.0,0.0,0.0
1244,0.0,0.0,0.0,0.0,1.0,0.0,0.0,0.0,0.0,0.0,0.0,0.0,0.0,0.0,0.0,0.0,0.0,0.0,0.0
1246,0.0,0.0,0.0,0.0,0.977992,0.0,0.0,0.0,0.0,0.0,0.0,0.0,0.0,0.0,0.0,0.0,0.0,0.0,0.0
1248,0.0,0.0,0.0,0.0,0.917341,0.0,0.0,0.0,0.0,0.0,0.0,0.0,0.0,0.0,0.0,0.0,0.0,0.0,0.0
1250,0.0,0.0,0.0,0.0,0.860936,0.0,0.0,0.0,0.0,0.0,0.0,0.0,0.0,0.0,0.0,0.0,0.0,0.0,0.0
1252,0.0,0.0,0.0,0.0,0.632326,0.0,0.0,0.0,0.0,0.0,0.0,0.0,0.0,0.0,0.0,0.0,0.0,0.0,0.0
1254,0.0,0.0,0.0,0.0,0.458389,0.0,0.0,0.0,0.0,0.0,0.0,0.0,0.0,0.0,0.0,0.0,0.0,0.0,0.0
1256,0.0,0.0,0.0,0.0,0.375542,0.0,0.0,0.0,0.0,0.0,0.0,0.0,0.0,0.0,0.0,0.0,0.0,0.0,0.0
1258,0.0,0.0,0.0,0.0,0.185368,0.0,0.0,0.0,0.0,0.0,0.0,0.0,0.0,0.0,0.0,0.0,0.0,0.0,0.0
1260,0.0,0.0,0.0,0.0,0.113761,0.0004245,4.06e-06,0.0,0.0,0.0,0.0,0.0,0.0,0.0,0.0,0.0,0.0,0.0,0.0
1262,0.0,0.0,0.0,0.0,0.0912707,0.0,0.0,0.0,0.0,0.0,0.0,0.0,0.0,0.0,0.0,0.0,0.0,0.0,0.0
1264,0.0,0.0,0.0,0.0,0.0454563,0.0,0.0,0.0,0.0,0.0,0.0,0.0,0.0,0.0,0.0,0.0,0.0,0.0,0.0
1266,0.0,0.0,0.0,0.0,0.0287779,0.0,0.0,0.0,0.0,0.0,0.0,0.0,0.0,0.0,0.0,0.0,0.0,0.0,0.0
1268,0.0,0.0,0.0,0.0,0.0237454,0.0,0.0,0.0,0.0,0.0,0.0,0.0,0.0,0.0,0.0,0.0,0.0,0.0,0.0
1270,0.0,0.0,0.0,0.0,0.0144027,0.0,0.0,0.0,0.0,0.0,0.0,0.0,0.0,0.0,0.0,0.0,0.0,0.0,0.0
1300,0.0,0.0,0.0,0.0,0.00065899,0.00259219,8.13e-06,0.0,0.0,0.0,0.0,0.0,0.0,0.0,0.0,0.0,0.0,0.0,0.0
1340,0.0,0.0,0.0,0.0,4.98e-06,1.46e-06,3.149e-05,0.0,0.0,0.0,0.0,0.0,0.0,0.0,0.0,0.0,0.0,0.0,0.0
1380,0.0,0.0,0.0,0.0,2.701e-05,8.27e-06,1.93e-05,0.0,0.0,0.0,0.0,0.0,0.0,0.0,0.0,0.0,0.0,0.0,0.0
1420,0.0,0.0,0.0,0.0,2.122e-05,1.86e-06,1.829e-05,0.0,0.0,0.0,0.0,0.0,0.0,0.0,0.0,0.0,0.0,0.0,0.0
1460,0.0,0.0,0.0,0.0,0.00016504,0.00018621,2.03e-06,0.0,0.0,0.0,0.0,0.0,0.0,0.0,0.0,0.0,0.0,0.0,0.0
1500,0.0,0.0,0.0,0.0,9.84e-05,0.00050295,2.03e-06,0.0,0.0,0.0,0.0,0.0,0.0,0.0,0.0,0.0,0.0,0.0,0.0
1540,0.0,0.0,0.0,0.0,0.00010746,0.00083095,1.02e-06,0.0,0.0,0.0,0.0,0.0,0.0,0.0,0.0,0.0,0.0,0.0,0.0
1580,0.0,0.0,0.0,0.0,0.00017357,0.00044179,1.02e-06,0.0,0.0,0.0,0.0,0.0,0.0,0.0,0.0,0.0,0.0,0.0,0.0
1582,0.0,0.0,0.0,0.0,0.0,0.00073288,0.0,0.0,0.0,0.0,0.0,0.0,0.0,0.0,0.0,0.0,0.0,0.0,0.0
1584,0.0,0.0,0.0,0.0,0.0,0.00112474,0.0,0.0,0.0,0.0,0.0,0.0,0.0,0.0,0.0,0.0,0.0,0.0,0.0
1585,0.0,0.0,0.0,0.0,0.0,0.00160214,0.0,0.0,0.0,0.0,0.0,0.0,0.0,0.0,0.0,0.0,0.0,0.0,0.0
1588,0.0,0.0,0.0,0.0,0.0,0.00233662,0.0,0.0,0.0,0.0,0.0,0.0,0.0,0.0,0.0,0.0,0.0,0.0,0.0
1590,0.0,0.0,0.0,0.0,0.0,0.00320507,0.0,0.0,0.0,0.0,0.0,0.0,0.0,0.0,0.0,0.0,0.0,0.0,0.0
1592,0.0,0.0,0.0,0.0,0.0,0.00443914,0.0,0.0,0.0,0.0,0.0,0.0,0.0,0.0,0.0,0.0,0.0,0.0,0.0
1594,0.0,0.0,0.0,0.0,0.0,0.0062634,0.0,0.0,0.0,0.0,0.0,0.0,0.0,0.0,0.0,0.0,0.0,0.0,0.0
1595,0.0,0.0,0.0,0.0,0.0,0.00886922,0.0,0.0,0.0,0.0,0.0,0.0,0.0,0.0,0.0,0.0,0.0,0.0,0.0
1598,0.0,0.0,0.0,0.0,0.0,0.0131824,0.0,0.0,0.0,0.0,0.0,0.0,0.0,0.0,0.0,0.0,0.0,0.0,0.0
1600,0.0,0.0,0.0,0.0,0.0,0.0194619,0.0,0.0,0.0,0.0,0.0,0.0,0.0,0.0,0.0,0.0,0.0,0.0,0.0
1602,0.0,0.0,0.0,0.0,0.0,0.0293144,0.0,0.0,0.0,0.0,0.0,0.0,0.0,0.0,0.0,0.0,0.0,0.0,0.0
1604,0.0,0.0,0.0,0.0,0.0,0.0448646,0.0,0.0,0.0,0.0,0.0,0.0,0.0,0.0,0.0,0.0,0.0,0.0,0.0
1606,0.0,0.0,0.0,0.0,0.0,0.0695292,0.0,0.0,0.0,0.0,0.0,0.0,0.0,0.0,0.0,0.0,0.0,0.0,0.0
1607,0.0,0.0,0.0,0.0,0.0,0.107236,0.0,0.0,0.0,0.0,0.0,0.0,0.0,0.0,0.0,0.0,0.0,0.0,0.0
1609,0.0,0.0,0.0,0.0,0.0,0.17026,0.0,0.0,0.0,0.0,0.0,0.0,0.0,0.0,0.0,0.0,0.0,0.0,0.0
1612,0.0,0.0,0.0,0.0,0.0,0.26826,0.0,0.0,0.0,0.0,0.0,0.0,0.0,0.0,0.0,0.0,0.0,0.0,0.0
1613,0.0,0.0,0.0,0.0,0.0,0.382627,0.0,0.0,0.0,0.0,0.0,0.0,0.0,0.0,0.0,0.0,0.0,0.0,0.0
1616,0.0,0.0,0.0,0.0,0.0,0.532063,0.0,0.0,0.0,0.0,0.0,0.0,0.0,0.0,0.0,0.0,0.0,0.0,0.0
1618,0.0,0.0,0.0,0.0,0.0,0.687942,0.0,0.0,0.0,0.0,0.0,0.0,0.0,0.0,0.0,0.0,0.0,0.0,0.0
1619,0.0,0.0,0.0,0.0,0.0,0.82486,0.0,0.0,0.0,0.0,0.0,0.0,0.0,0.0,0.0,0.0,0.0,0.0,0.0
1620,0.0,0.0,0.0,0.0,0.0034917,0.0,1.321e-05,0.0,0.0,0.0,0.0,0.0,0.0,0.0,0.0,0.0,0.0,0.0,0.0
1622,0.0,0.0,0.0,0.0,0.0,0.935528,0.0,0.0,0.0,0.0,0.0,0.0,0.0,0.0,0.0,0.0,0.0,0.0,0.0
1623,0.0,0.0,0.0,0.0,0.0,0.982867,0.0,0.0,0.0,0.0,0.0,0.0,0.0,0.0,0.0,0.0,0.0,0.0,0.0
1626,0.0,0.0,0.0,0.0,0.0,0.99937,0.0,0.0,0.0,0.0,0.0,0.0,0.0,0.0,0.0,0.0,0.0,0.0,0.0
1627,0.0,0.0,0.0,0.0,0.0,1.0,0.0,0.0,0.0,0.0,0.0,0.0,0.0,0.0,0.0,0.0,0.0,0.0,0.0
1630,0.0,0.0,0.0,0.0,0.0,0.99529,0.0,0.0,0.0,0.0,0.0,0.0,0.0,0.0,0.0,0.0,0.0,0.0,0.0
1631,0.0,0.0,0.0,0.0,0.0,0.987138,0.0,0.0,0.0,0.0,0.0,0.0,0.0,0.0,0.0,0.0,0.0,0.0,0.0
1633,0.0,0.0,0.0,0.0,0.0,0.970963,0.0,0.0,0.0,0.0,0.0,0.0,0.0,0.0,0.0,0.0,0.0,0.0,0.0
1636,0.0,0.0,0.0,0.0,0.0,0.939849,0.0,0.0,0.0,0.0,0.0,0.0,0.0,0.0,0.0,0.0,0.0,0.0,0.0
1638,0.0,0.0,0.0,0.0,0.0,0.881859,0.0,0.0,0.0,0.0,0.0,0.0,0.0,0.0,0.0,0.0,0.0,0.0,0.0
1639,0.0,0.0,0.0,0.0,0.0,0.798368,0.0,0.0,0.0,0.0,0.0,0.0,0.0,0.0,0.0,0.0,0.0,0.0,0.0
1642,0.0,0.0,0.0,0.0,0.0,0.671905,0.0,0.0,0.0,0.0,0.0,0.0,0.0,0.0,0.0,0.0,0.0,0.0,0.0
1643,0.0,0.0,0.0,0.0,0.0,0.537742,0.0,0.0,0.0,0.0,0.0,0.0,0.0,0.0,0.0,0.0,0.0,0.0,0.0
1646,0.0,0.0,0.0,0.0,0.0,0.387614,0.0,0.0,0.0,0.0,0.0,0.0,0.0,0.0,0.0,0.0,0.0,0.0,0.0
1648,0.0,0.0,0.0,0.0,0.0,0.266901,0.0,0.0,0.0,0.0,0.0,0.0,0.0,0.0,0.0,0.0,0.0,0.0,0.0
1650,0.0,0.0,0.0,0.0,0.0,0.176987,0.0,0.0,0.0,0.0,0.0,0.0,0.0,0.0,0.0,0.0,0.0,0.0,0.0
1652,0.0,0.0,0.0,0.0,0.0,0.116369,0.0,0.0,0.0,0.0,0.0,0.0,0.0,0.0,0.0,0.0,0.0,0.0,0.0
1654,0.0,0.0,0.0,0.0,0.0,0.0745707,0.0,0.0,0.0,0.0,0.0,0.0,0.0,0.0,0.0,0.0,0.0,0.0,0.0
1656,0.0,0.0,0.0,0.0,0.0,0.0457911,0.0,0.0,0.0,0.0,0.0,0.0,0.0,0.0,0.0,0.0,0.0,0.0,0.0
1658,0.0,0.0,0.0,0.0,0.0,0.0277841,0.0,0.0,0.0,0.0,0.0,0.0,0.0,0.0,0.0,0.0,0.0,0.0,0.0
1660,0.0,0.0,0.0,0.0,0.00040076,0.0173182,1.02e-06,0.0,0.0,0.0,0.0,0.0,0.0,0.0,0.0,0.0,0.0,0.0,0.0
1662,0.0,0.0,0.0,0.0,0.0,0.0111427,0.0,0.0,0.0,0.0,0.0,0.0,0.0,0.0,0.0,0.0,0.0,0.0,0.0
1664,0.0,0.0,0.0,0.0,0.0,0.00738431,0.0,0.0,0.0,0.0,0.0,0.0,0.0,0.0,0.0,0.0,0.0,0.0,0.0
1666,0.0,0.0,0.0,0.0,0.0,0.00503164,0.0,0.0,0.0,0.0,0.0,0.0,0.0,0.0,0.0,0.0,0.0,0.0,0.0
1668,0.0,0.0,0.0,0.0,0.0,0.00346678,0.0,0.0,0.0,0.0,0.0,0.0,0.0,0.0,0.0,0.0,0.0,0.0,0.0
1670,0.0,0.0,0.0,0.0,0.0,0.00237861,0.0,0.0,0.0,0.0,0.0,0.0,0.0,0.0,0.0,0.0,0.0,0.0,0.0
1672,0.0,0.0,0.0,0.0,0.0,0.0015234,0.0,0.0,0.0,0.0,0.0,0.0,0.0,0.0,0.0,0.0,0.0,0.0,0.0
1674,0.0,0.0,0.0,0.0,0.0,0.00088526,0.0,0.0,0.0,0.0,0.0,0.0,0.0,0.0,0.0,0.0,0.0,0.0,0.0
1676,0.0,0.0,0.0,0.0,0.0,0.00041055,0.0,0.0,0.0,0.0,0.0,0.0,0.0,0.0,0.0,0.0,0.0,0.0,0.0
1678,0.0,0.0,0.0,0.0,0.0,0.00029323,0.0,0.0,0.0,0.0,0.0,0.0,0.0,0.0,0.0,0.0,0.0,0.0,0.0
1700,0.0,0.0,0.0,0.0,0.00045007,0.00026187,1.02e-06,0.0,0.0,0.0,0.0,0.0,0.0,0.0,0.0,0.0,0.0,0.0,0.0
1740,0.0,0.0,0.0,0.0,0.00057824,8.156e-05,1.02e-06,0.0,0.0,0.0,0.0,0.0,0.0,0.0,0.0,0.0,0.0,0.0,0.0
1780,0.0,0.0,0.0,0.0,0.00025377,5.012e-05,3.05e-06,0.0,0.0,0.0,0.0,0.0,0.0,0.0,0.0,0.0,0.0,0.0,0.0
1820,0.0,0.0,0.0,0.0,0.00012876,2.812e-05,1.422e-05,0.0,0.0,0.0,0.0,0.0,0.0,0.0,0.0,0.0,0.0,0.0,0.0
1860,0.0,0.0,0.0,0.0,1.32e-05,3.97e-06,9.855e-05,0.0,0.0,0.0,0.0,0.0,0.0,0.0,0.0,0.0,0.0,0.0,0.0
1900,0.0,0.0,0.0,0.0,8.59e-06,2.01e-06,0.00060246,0.0,0.0,0.0,0.0,0.0,0.0,0.0,0.0,0.0,0.0,0.0,0.0
1940,0.0,0.0,0.0,0.0,1.073e-05,6.62e-06,0.00149752,0.0,0.0,0.0,0.0,0.0,0.0,0.0,0.0,0.0,0.0,0.0,0.0
1980,0.0,0.0,0.0,0.0,9.8e-06,8.55e-06,0.00255411,0.0,0.0,0.0,0.0,0.0,0.0,0.0,0.0,0.0,0.0,0.0,0.0
2020,0.0,0.0,0.0,0.0,1.561e-05,1.041e-05,0.00315657,0.0,0.0,0.0,0.0,0.0,0.0,0.0,0.0,0.0,0.0,0.0,0.0
2056,0.0,0.0,0.0,0.0,0.0,0.0,0.00706915,0.0,0.0,0.0,0.0,0.0,0.0,0.0,0.0,0.0,0.0,0.0,0.0
2060,0.0,0.0,0.0,0.0,7.54e-06,3.805e-05,0.0,0.0,0.0,0.0,0.0,0.0,0.0,0.0,0.0,0.0,0.0,0.0,0.0
2061,0.0,0.0,0.0,0.0,0.0,0.0,0.012228,0.0,0.0,0.0,0.0,0.0,0.0,0.0,0.0,0.0,0.0,0.0,0.0
2066,0.0,0.0,0.0,0.0,0.0,0.0,0.0228684,0.0,0.0,0.0,0.0,0.0,0.0,0.0,0.0,0.0,0.0,0.0,0.0
2071,0.0,0.0,0.0,0.0,0.0,0.0,0.0475944,0.0,0.0,0.0,0.0,0.0,0.0,0.0,0.0,0.0,0.0,0.0,0.0
2076,0.0,0.0,0.0,0.0,0.0,0.0,0.104812,0.0,0.0,0.0,0.0,0.0,0.0,0.0,0.0,0.0,0.0,0.0,0.0
2081,0.0,0.0,0.0,0.0,0.0,0.0,0.227107,0.0,0.0,0.0,0.0,0.0,0.0,0.0,0.0,0.0,0.0,0.0,0.0
2086,0.0,0.0,0.0,0.0,0.0,0.0,0.441891,0.0,0.0,0.0,0.0,0.0,0.0,0.0,0.0,0.0,0.0,0.0,0.0
2091,0.0,0.0,0.0,0.0,0.0,0.0,0.693499,0.0,0.0,0.0,0.0,0.0,0.0,0.0,0.0,0.0,0.0,0.0,0.0
2096,0.0,0.0,0.0,0.0,0.0,0.0,0.894021,0.0,0.0,0.0,0.0,0.0,0.0,0.0,0.0,0.0,0.0,0.0,0.0
2100,0.0,0.0,0.0,0.0,2.745e-05,0.00152451,0.0,0.0,0.0,0.0,0.0,0.0,0.0,0.0,0.0,0.0,0.0,0.0,0.0
2101,0.0,0.0,0.0,0.0,0.0,0.0,1.0,0.0,0.0,0.0,0.0,0.0,0.0,0.0,0.0,0.0,0.0,0.0,0.0
2106,0.0,0.0,0.0,0.0,0.0,0.0,0.990484,0.0,0.0,0.0,0.0,0.0,0.0,0.0,0.0,0.0,0.0,0.0,0.0
2111,0.0,0.0,0.0,0.0,0.0,0.0,0.954205,0.0,0.0,0.0,0.0,0.0,0.0,0.0,0.0,0.0,0.0,0.0,0.0
2116,0.0,0.0,0.0,0.0,0.0,0.0,0.900188,0.0,0.0,0.0,0.0,0.0,0.0,0.0,0.0,0.0,0.0,0.0,0.0
2121,0.0,0.0,0.0,0.0,0.0,0.0,0.822227,0.0,0.0,0.0,0.0,0.0,0.0,0.0,0.0,0.0,0.0,0.0,0.0
2126,0.0,0.0,0.0,0.0,0.0,0.0,0.736447,0.0,0.0,0.0,0.0,0.0,0.0,0.0,0.0,0.0,0.0,0.0,0.0
2131,0.0,0.0,0.0,0.0,0.0,0.0,0.652943,0.0,0.0,0.0,0.0,0.0,0.0,0.0,0.0,0.0,0.0,0.0,0.0
2136,0.0,0.0,0.0,0.0,0.0,0.0,0.574136,0.0,0.0,0.0,0.0,0.0,0.0,0.0,0.0,0.0,0.0,0.0,0.0
2140,0.0,0.0,0.0,0.0,1.228e-05,0.00031918,0.0,0.0,0.0,0.0,0.0,0.0,0.0,0.0,0.0,0.0,0.0,0.0,0.0
2141,0.0,0.0,0.0,0.0,0.0,0.0,0.491559,0.0,0.0,0.0,0.0,0.0,0.0,0.0,0.0,0.0,0.0,0.0,0.0
2146,0.0,0.0,0.0,0.0,0.0,0.0,0.387794,0.0,0.0,0.0,0.0,0.0,0.0,0.0,0.0,0.0,0.0,0.0,0.0
2151,0.0,0.0,0.0,0.0,0.0,0.0,0.26265,0.0,0.0,0.0,0.0,0.0,0.0,0.0,0.0,0.0,0.0,0.0,0.0
2156,0.0,0.0,0.0,0.0,0.0,0.0,0.153201,0.0,0.0,0.0,0.0,0.0,0.0,0.0,0.0,0.0,0.0,0.0,0.0
2161,0.0,0.0,0.0,0.0,0.0,0.0,0.0783504,0.0,0.0,0.0,0.0,0.0,0.0,0.0,0.0,0.0,0.0,0.0,0.0
2166,0.0,0.0,0.0,0.0,0.0,0.0,0.0360984,0.0,0.0,0.0,0.0,0.0,0.0,0.0,0.0,0.0,0.0,0.0,0.0
2171,0.0,0.0,0.0,0.0,0.0,0.0,0.0173393,0.0,0.0,0.0,0.0,0.0,0.0,0.0,0.0,0.0,0.0,0.0,0.0
2176,0.0,0.0,0.0,0.0,0.0,0.0,0.00934411,0.0,0.0,0.0,0.0,0.0,0.0,0.0,0.0,0.0,0.0,0.0,0.0
2180,0.0,0.0,0.0,0.0,2.798e-05,5.53e-06,0.0,0.0,0.0,0.0,0.0,0.0,0.0,0.0,0.0,0.0,0.0,0.0,0.0
2181,0.0,0.0,0.0,0.0,0.0,0.0,0.00513041,0.0,0.0,0.0,0.0,0.0,0.0,0.0,0.0,0.0,0.0,0.0,0.0
2186,0.0,0.0,0.0,0.0,0.0,0.0,0.0024948,0.0,0.0,0.0,0.0,0.0,0.0,0.0,0.0,0.0,0.0,0.0,0.0
2191,0.0,0.0,0.0,0.0,0.0,0.0,0.00120628,0.0,0.0,0.0,0.0,0.0,0.0,0.0,0.0,0.0,0.0,0.0,0.0
2196,0.0,0.0,0.0,0.0,0.0,0.0,0.00053162,0.0,0.0,0.0,0.0,0.0,0.0,0.0,0.0,0.0,0.0,0.0,0.0
2201,0.0,0.0,0.0,0.0,0.0,0.0,0.00017241,0.0,0.0,0.0,0.0,0.0,0.0,0.0,0.0,0.0,0.0,0.0,0.0
2206,0.0,0.0,0.0,0.0,0.0,0.0,4.435e-05,0.0,0.0,0.0,0.0,0.0,0.0,0.0,0.0,0.0,0.0,0.0,0.0
2220,0.0,0.0,0.0,0.0,1.485e-05,2.92e-06,0.00055979,0.0,0.0,0.0,0.0,0.0,0.0,0.0,0.0,0.0,0.0,0.0,0.0
2260,0.0,0.0,0.0,0.0,6.13e-06,4e-06,0.00011074,0.0,0.0,0.0,0.0,0.0,0.0,0.0,0.0,0.0,0.0,0.0,0.0
2300,0.0,0.0,0.0,0.0,1.165e-05,6.65e-06,4.267e-05,0.0,0.0,0.0,0.0,0.0,0.0,0.0,0.0,0.0,0.0,0.0,0.0
2360,0.0,0.0,0.0,0.0,4.545e-05,1.772e-05,6.908e-05,0.0,0.0,0.0,0.0,0.0,0.0,0.0,0.0,0.0,0.0,0.0,0.0
2400,0.0,0.0,0.0,0.0,0.00011802,2.23e-05,5.181e-05,0.0,0.0,0.0,0.0,0.0,0.0,0.0,0.0,0.0,0.0,0.0,0.0
2440,0.0,0.0,0.0,0.0,0.00036472,8.645e-05,4.978e-05,0.0,0.0,0.0,0.0,0.0,0.0,0.0,0.0,0.0,0.0,0.0,0.0
2480,0.0,0.0,0.0,0.0,0.00018053,2.165e-05,3.759e-05,0.0,0.0,0.0,0.0,0.0,0.0,0.0,0.0,0.0,0.0,0.0,0.0
2520,0.0,0.0,0.0,0.0,0.00150176,0.00034043,3.759e-05,0.0,0.0,0.0,0.0,0.0,0.0,0.0,0.0,0.0,0.0,0.0,0.0
2560,0.0,0.0,0.0,0.0,0.00075335,0.00013391,2.845e-05,0.0,0.0,0.0,0.0,0.0,0.0,0.0,0.0,0.0,0.0,0.0,0.0
2600,0.0,0.0,0.0,0.0,0.00267893,0.0005401,2.032e-05,0.0,0.0,0.0,0.0,0.0,0.0,0.0,0.0,0.0,0.0,0.0,0.0
2640,0.0,0.0,0.0,0.0,0.00206286,0.00025813,1.829e-05,0.0,0.0,0.0,0.0,0.0,0.0,0.0,0.0,0.0,0.0,0.0,0.0
2680,0.0,0.0,0.0,0.0,0.00876431,0.00234021,3.251e-05,0.0,0.0,0.0,0.0,0.0,0.0,0.0,0.0,0.0,0.0,0.0,0.0
2720,0.0,0.0,0.0,0.0,0.00453617,0.00142424,2.235e-05,0.0,0.0,0.0,0.0,0.0,0.0,0.0,0.0,0.0,0.0,0.0,0.0
2760,0.0,0.0,0.0,0.0,0.00044894,0.00013353,3.048e-05,0.0,0.0,0.0,0.0,0.0,0.0,0.0,0.0,0.0,0.0,0.0,0.0
2800,0.0,0.0,0.0,0.0,0.0003182,5.241e-05,3.454e-05,0.0,0.0,0.0,0.0,0.0,0.0,0.0,0.0,0.0,0.0,0.0,0.0
2840,0.0,0.0,0.0,0.0,0.00022743,6.545e-05,3.556e-05,0.0,0.0,0.0,0.0,0.0,0.0,0.0,0.0,0.0,0.0,0.0,0.0
2880,0.0,0.0,0.0,0.0,0.00030138,0.0001118,7.315e-05,0.0,0.0,0.0,0.0,0.0,0.0,0.0,0.0,0.0,0.0,0.0,0.0
2900,0.0,0.0,0.0,0.0,8.424e-05,4.678e-05,2.743e-05,0.0,0.0,0.0,0.0,0.0,0.0,0.0,0.0,0.0,0.0,0.0,0.0
3000,0.0,0.0,0.0,0.0,4.618e-05,1.953e-05,1.219e-05,0.0,0.0,0.0,0.0,0.0,0.0,0.0,0.0,0.0,0.0,0.0,0.0
